has_particle,x,y,d,d_particle,Ms_particle,Hx,Hy,Hz,N,freq,freq_diff
False,,,,,,0,0,80000.0,1,4.44366221658866,
False,,,,,,0,0,80000.0,2,5.916577999212971,
False,,,,,,0,0,80000.0,3,7.917764571095144,
False,,,,,,0,0,80000.0,4,8.415238223354994,
False,,,,,,0,0,80000.0,5,10.603184541705701,
False,,,,,,0,0,0.0,1,1.601280868929805,
False,,,,,,0,0,0.0,2,3.090002161163689,
False,,,,,,0,0,0.0,3,5.088173677730125,
False,,,,,,0,0,0.0,4,5.550919235593394,
False,,,,,,0,0,0.0,5,7.773692141554589,
False,,,,,,0,0,20000.0,1,2.317972451280567,
False,,,,,,0,0,20000.0,2,3.79798500659117,
False,,,,,,0,0,20000.0,3,5.796809049872271,
False,,,,,,0,0,20000.0,4,6.271425436004422,
False,,,,,,0,0,20000.0,5,8.481956718536932,
False,,,,,,0,0,60000.0,1,3.7368892775113594,
False,,,,,,0,0,60000.0,2,5.210993438454794,
False,,,,,,0,0,60000.0,3,7.211389185533179,
False,,,,,,0,0,60000.0,4,7.702736503951042,
False,,,,,,0,0,60000.0,5,9.896584577220933,
False,,,,,,0,0,100000.0,1,5.149638429628868,
False,,,,,,0,0,100000.0,2,6.621797445819827,
False,,,,,,0,0,100000.0,3,8.623725943408044,
False,,,,,,0,0,100000.0,4,9.126343969432043,
False,,,,,,0,0,100000.0,5,11.309425252545537,
False,,,,,,0,0,140000.0,1,6.56013876444132,
False,,,,,,0,0,140000.0,2,8.031388033756512,
False,,,,,,0,0,140000.0,3,10.03476085918302,
False,,,,,,0,0,140000.0,4,10.545480995185306,
False,,,,,,0,0,140000.0,5,12.721056251252378,
False,,,,,,0,0,180000.0,1,7.969417270390592,
False,,,,,,0,0,180000.0,2,9.44019304262686,
False,,,,,,0,0,180000.0,3,11.44490276638979,
False,,,,,,0,0,180000.0,4,11.961730076633241,
False,,,,,,0,0,180000.0,5,14.131817095174505,
False,,,,,,0,0,220000.0,1,9.37803268012342,
False,,,,,,0,0,220000.0,2,10.848511442912491,
False,,,,,,0,0,220000.0,3,12.85445566397206,
False,,,,,,0,0,220000.0,4,13.376034427294805,
False,,,,,,0,0,220000.0,5,15.541938900761602,
False,,,,,,0,0,40000.0,1,3.0287292154732297,
False,,,,,,0,0,40000.0,2,4.504866203494406,
False,,,,,,0,0,40000.0,3,6.504457308662779,
False,,,,,,0,0,40000.0,4,6.9883524612250065,
False,,,,,,0,0,40000.0,5,9.189539615180752,
False,,,,,,0,0,120000.0,1,5.855088639283942,
False,,,,,,0,0,120000.0,2,7.326696945036003,
False,,,,,,0,0,120000.0,3,9.329385090632236,
False,,,,,,0,0,120000.0,4,9.836345189189387,
False,,,,,,0,0,120000.0,5,12.015364113545225,
False,,,,,,0,0,160000.0,1,7.264907183581445,
False,,,,,,0,0,160000.0,2,8.73587350036532,
False,,,,,,0,0,160000.0,3,10.739930341818658,
False,,,,,,0,0,160000.0,4,11.253892086939642,
False,,,,,,0,0,160000.0,5,13.426524337906226,
False,,,,,,0,0,200000.0,1,8.673801548498314,
False,,,,,,0,0,200000.0,2,10.144390615109446,
False,,,,,,0,0,200000.0,3,12.149744645924038,
False,,,,,,0,0,200000.0,4,12.669084353606397,
False,,,,,,0,0,200000.0,5,14.836948029347587,
False,,,,,,0,0,240000.0,1,10.082131587824806,
False,,,,,,0,0,240000.0,2,11.552558582868633,
False,,,,,,0,0,240000.0,3,13.559047366823208,
False,,,,,,0,0,240000.0,4,14.082647100010922,
False,,,,,,0,0,240000.0,5,16.24680874869857,
True,30.0,0.0,50.0,20.0,1000000.0,0,0,80000.0,1,4.486353852550233,0.04269163596157366
True,30.0,0.0,50.0,20.0,1000000.0,0,0,80000.0,2,5.946573464098029,0.029995464885058
True,30.0,0.0,50.0,20.0,1000000.0,0,0,80000.0,3,7.95172231337217,0.033957742277026526
True,30.0,0.0,50.0,20.0,1000000.0,0,0,80000.0,4,8.454325244108375,0.03908702075338155
True,30.0,0.0,50.0,20.0,1000000.0,0,0,80000.0,5,10.635874202938629,0.03268966123292749
True,60.0,0.0,50.0,20.0,1000000.0,0,0,80000.0,1,4.46114211235403,0.017479895765370124
True,60.0,0.0,50.0,20.0,1000000.0,0,0,80000.0,2,5.939358742872006,0.02278074365903482
True,60.0,0.0,50.0,20.0,1000000.0,0,0,80000.0,3,7.947076313246728,0.029311742151584497
True,60.0,0.0,50.0,20.0,1000000.0,0,0,80000.0,4,8.428872954806534,0.013634731451540816
True,60.0,0.0,50.0,20.0,1000000.0,0,0,80000.0,5,10.632729788925573,0.02954524721987184
True,10.0,0.0,5.0,20.0,1000000.0,0,0,80000.0,1,4.772073486189634,0.32841126960097444
True,10.0,0.0,5.0,20.0,1000000.0,0,0,80000.0,2,5.94663389745537,0.030055898242398627
True,10.0,0.0,5.0,20.0,1000000.0,0,0,80000.0,3,8.112599306172319,0.1948347350771753
True,10.0,0.0,5.0,20.0,1000000.0,0,0,80000.0,4,8.455409564005809,0.04017134065081507
True,10.0,0.0,5.0,20.0,1000000.0,0,0,80000.0,5,10.648546182140704,0.04536164043500257
True,20.0,0.0,5.0,20.0,1000000.0,0,0,80000.0,1,4.706226582147496,0.2625643655588359
True,20.0,0.0,5.0,20.0,1000000.0,0,0,80000.0,2,6.114735517818161,0.19815751860519004
True,20.0,0.0,5.0,20.0,1000000.0,0,0,80000.0,3,7.961070589380271,0.04330601828512748
True,20.0,0.0,5.0,20.0,1000000.0,0,0,80000.0,4,8.435712632954669,0.02047440959967517
True,20.0,0.0,5.0,20.0,1000000.0,0,0,80000.0,5,10.711735394876513,0.10855085317081148
True,30.0,0.0,5.0,20.0,1000000.0,0,0,80000.0,1,4.63103451837988,0.18737230179122033
True,30.0,0.0,5.0,20.0,1000000.0,0,0,80000.0,2,6.27415306417421,0.3575750649612388
True,30.0,0.0,5.0,20.0,1000000.0,0,0,80000.0,3,7.950387824647285,0.03262325355214113
True,30.0,0.0,5.0,20.0,1000000.0,0,0,80000.0,4,8.41353405314034,-0.001704170214653189
True,30.0,0.0,5.0,20.0,1000000.0,0,0,80000.0,5,10.748375175185485,0.14519063347978367
True,40.0,0.0,5.0,20.0,1000000.0,0,0,80000.0,1,4.5637386865195815,0.1200764699309218
True,40.0,0.0,5.0,20.0,1000000.0,0,0,80000.0,2,6.311167075116057,0.39458907590308545
True,40.0,0.0,5.0,20.0,1000000.0,0,0,80000.0,3,8.174118456837476,0.25635388574233264
True,40.0,0.0,5.0,20.0,1000000.0,0,0,80000.0,4,8.396714416934461,-0.018523806420532196
True,40.0,0.0,5.0,20.0,1000000.0,0,0,80000.0,5,10.666314832084622,0.06313029037892015
True,50.0,0.0,5.0,20.0,1000000.0,0,0,80000.0,1,4.51117191306177,0.06750969647311056
True,50.0,0.0,5.0,20.0,1000000.0,0,0,80000.0,2,6.232478131780101,0.3159001325671298
True,50.0,0.0,5.0,20.0,1000000.0,0,0,80000.0,3,8.381596889923243,0.46383231882809905
True,50.0,0.0,5.0,20.0,1000000.0,0,0,80000.0,4,8.397110563273346,-0.01812766008164779
True,50.0,0.0,5.0,20.0,1000000.0,0,0,80000.0,5,10.72855606994512,0.12537152823941788
True,60.0,0.0,5.0,20.0,1000000.0,0,0,80000.0,1,4.4732591965597415,0.029596979971081794
True,60.0,0.0,5.0,20.0,1000000.0,0,0,80000.0,2,6.125262863035101,0.20868486382213014
True,60.0,0.0,5.0,20.0,1000000.0,0,0,80000.0,3,8.361652180989704,0.4438876098945608
True,60.0,0.0,5.0,20.0,1000000.0,0,0,80000.0,4,8.388506008958062,-0.026732214396931298
True,60.0,0.0,5.0,20.0,1000000.0,0,0,80000.0,5,10.694579075887566,0.09139453418186427
True,70.0,0.0,5.0,20.0,1000000.0,0,0,80000.0,1,4.447192014918601,0.0035297983299411584
True,70.0,0.0,5.0,20.0,1000000.0,0,0,80000.0,2,6.021694188305546,0.10511618909257514
True,70.0,0.0,5.0,20.0,1000000.0,0,0,80000.0,3,8.19507069275959,0.2773061216644459
True,70.0,0.0,5.0,20.0,1000000.0,0,0,80000.0,4,8.39175968168284,-0.02347854167215324
True,70.0,0.0,5.0,20.0,1000000.0,0,0,80000.0,5,10.67344225714344,0.07025771543773907
True,80.0,0.0,5.0,20.0,1000000.0,0,0,80000.0,1,4.426702114114937,-0.016960102473722927
True,80.0,0.0,5.0,20.0,1000000.0,0,0,80000.0,2,5.925634540965627,0.009056541752655356
True,80.0,0.0,5.0,20.0,1000000.0,0,0,80000.0,3,7.992849933523465,0.07508536242832164
True,80.0,0.0,5.0,20.0,1000000.0,0,0,80000.0,4,8.395686243772705,-0.019551979582288936
True,80.0,0.0,5.0,20.0,1000000.0,0,0,80000.0,5,10.664395057236282,0.06121051553058088
True,90.0,0.0,5.0,20.0,1000000.0,0,0,80000.0,1,4.4208145783749115,-0.022847638213748134
True,90.0,0.0,5.0,20.0,1000000.0,0,0,80000.0,2,5.884056068183241,-0.032521931029730666
True,90.0,0.0,5.0,20.0,1000000.0,0,0,80000.0,3,7.897527260818502,-0.02023731027664155
True,90.0,0.0,5.0,20.0,1000000.0,0,0,80000.0,4,8.399506601668902,-0.015731621686091657
True,90.0,0.0,5.0,20.0,1000000.0,0,0,80000.0,5,10.589560379437941,-0.013624162267760198
True,10.0,0.0,20.0,20.0,1000000.0,0,0,80000.0,1,4.625637442332727,0.18197522574406744
True,10.0,0.0,20.0,20.0,1000000.0,0,0,80000.0,2,5.96813897415989,0.051560974946919025
True,10.0,0.0,20.0,20.0,1000000.0,0,0,80000.0,3,8.008305012709576,0.09054044161443198
True,10.0,0.0,20.0,20.0,1000000.0,0,0,80000.0,4,8.533052109875484,0.11781388652049074
True,10.0,0.0,20.0,20.0,1000000.0,0,0,80000.0,5,10.686129310753712,0.08294476904801051
True,20.0,0.0,20.0,20.0,1000000.0,0,0,80000.0,1,4.60059089561244,0.15692867902378005
True,20.0,0.0,20.0,20.0,1000000.0,0,0,80000.0,2,6.014343616057788,0.09776561684481688
True,20.0,0.0,20.0,20.0,1000000.0,0,0,80000.0,3,7.987241491874166,0.06947692077902268
True,20.0,0.0,20.0,20.0,1000000.0,0,0,80000.0,4,8.51123047856208,0.09599225520708643
True,20.0,0.0,20.0,20.0,1000000.0,0,0,80000.0,5,10.69882278478142,0.09563824307571878
True,30.0,0.0,20.0,20.0,1000000.0,0,0,80000.0,1,4.565191162315334,0.12152894572667439
True,30.0,0.0,20.0,20.0,1000000.0,0,0,80000.0,2,6.059477164817718,0.1428991656047467
True,30.0,0.0,20.0,20.0,1000000.0,0,0,80000.0,3,7.991942351485191,0.07417778039004741
True,30.0,0.0,20.0,20.0,1000000.0,0,0,80000.0,4,8.483120535160669,0.0678823118056755
True,30.0,0.0,20.0,20.0,1000000.0,0,0,80000.0,5,10.693341688599448,0.09015714689374654
True,40.0,0.0,20.0,20.0,1000000.0,0,0,80000.0,1,4.5299055287245436,0.08624331213588388
True,40.0,0.0,20.0,20.0,1000000.0,0,0,80000.0,2,6.078167961118412,0.16158996190544084
True,40.0,0.0,20.0,20.0,1000000.0,0,0,80000.0,3,8.032026354772665,0.11426178367752104
True,40.0,0.0,20.0,20.0,1000000.0,0,0,80000.0,4,8.456113156415068,0.04087493306007417
True,40.0,0.0,20.0,20.0,1000000.0,0,0,80000.0,5,10.693006698026291,0.0898221563205901
True,50.0,0.0,20.0,20.0,1000000.0,0,0,80000.0,1,4.498230129325722,0.05456791273706241
True,50.0,0.0,20.0,20.0,1000000.0,0,0,80000.0,2,6.060803402534519,0.1442254033215482
True,50.0,0.0,20.0,20.0,1000000.0,0,0,80000.0,3,8.071579171643641,0.15381460054849772
True,50.0,0.0,20.0,20.0,1000000.0,0,0,80000.0,4,8.434621615234912,0.01938339187991822
True,50.0,0.0,20.0,20.0,1000000.0,0,0,80000.0,5,10.721827014352721,0.11864247264701966
True,60.0,0.0,20.0,20.0,1000000.0,0,0,80000.0,1,4.472299335091365,0.028637118502705228
True,60.0,0.0,20.0,20.0,1000000.0,0,0,80000.0,2,6.022708440483903,0.10613044127093207
True,60.0,0.0,20.0,20.0,1000000.0,0,0,80000.0,3,8.072996058389073,0.15523148729392933
True,60.0,0.0,20.0,20.0,1000000.0,0,0,80000.0,4,8.420506933994918,0.005268710639924734
True,60.0,0.0,20.0,20.0,1000000.0,0,0,80000.0,5,10.731600586586051,0.12841604488034974
True,70.0,0.0,20.0,20.0,1000000.0,0,0,80000.0,1,4.452918539448516,0.009256322859855892
True,70.0,0.0,20.0,20.0,1000000.0,0,0,80000.0,2,5.976682784676581,0.060104785463609645
True,70.0,0.0,20.0,20.0,1000000.0,0,0,80000.0,3,8.029237145450429,0.11147257435528513
True,70.0,0.0,20.0,20.0,1000000.0,0,0,80000.0,4,8.41241745327143,-0.0028207700835629623
True,70.0,0.0,20.0,20.0,1000000.0,0,0,80000.0,5,10.70594223393419,0.1027576922284883
True,80.0,0.0,20.0,20.0,1000000.0,0,0,80000.0,1,4.440576039854861,-0.003086176733798851
True,80.0,0.0,20.0,20.0,1000000.0,0,0,80000.0,2,5.937845679459668,0.021267680246697118
True,80.0,0.0,20.0,20.0,1000000.0,0,0,80000.0,3,7.974107230788005,0.05634265969286112
True,80.0,0.0,20.0,20.0,1000000.0,0,0,80000.0,4,8.408763865601488,-0.0064743577535057995
True,80.0,0.0,20.0,20.0,1000000.0,0,0,80000.0,5,10.672745368056846,0.06956082635114491
True,90.0,0.0,20.0,20.0,1000000.0,0,0,80000.0,1,4.434274520346088,-0.009387696242571408
True,90.0,0.0,20.0,20.0,1000000.0,0,0,80000.0,2,5.914294891328429,-0.0022831078845424457
True,90.0,0.0,20.0,20.0,1000000.0,0,0,80000.0,3,7.935081538086092,0.017316966990948757
True,90.0,0.0,20.0,20.0,1000000.0,0,0,80000.0,4,8.407967646497886,-0.007270576857107969
True,90.0,0.0,20.0,20.0,1000000.0,0,0,80000.0,5,10.62678783457574,0.023603292870038928
True,10.0,20.0,5.0,20.0,1000000.0,0,0,80000.0,1,4.653367805468694,0.2097055888800341
True,10.0,20.0,5.0,20.0,1000000.0,0,0,80000.0,2,5.91291722344881,-0.0036607757641613503
True,10.0,20.0,5.0,20.0,1000000.0,0,0,80000.0,3,7.96489596670005,0.04713139560490642
True,10.0,20.0,5.0,20.0,1000000.0,0,0,80000.0,4,8.885725469832678,0.4704872464776848
True,10.0,20.0,5.0,20.0,1000000.0,0,0,80000.0,5,10.593243364350345,-0.0099411773553566
True,20.0,20.0,5.0,20.0,1000000.0,0,0,80000.0,1,4.613970437586042,0.17030822099738252
True,20.0,20.0,5.0,20.0,1000000.0,0,0,80000.0,2,6.005366402319538,0.08878840310656688
True,20.0,20.0,5.0,20.0,1000000.0,0,0,80000.0,3,7.922985109499957,0.005220538404813624
True,20.0,20.0,5.0,20.0,1000000.0,0,0,80000.0,4,8.706930105710093,0.29169188235509935
True,20.0,20.0,5.0,20.0,1000000.0,0,0,80000.0,5,10.60083010547342,-0.002354436232280932
True,30.0,20.0,5.0,20.0,1000000.0,0,0,80000.0,1,4.565509862453642,0.12184764586498265
True,30.0,20.0,5.0,20.0,1000000.0,0,0,80000.0,2,6.0963434020385145,0.17976540282554332
True,30.0,20.0,5.0,20.0,1000000.0,0,0,80000.0,3,7.917613128318956,-0.00015144277618794888
True,30.0,20.0,5.0,20.0,1000000.0,0,0,80000.0,4,8.585747570790637,0.17050934743564383
True,30.0,20.0,5.0,20.0,1000000.0,0,0,80000.0,5,10.606428797742177,0.0032442560364760453
True,40.0,20.0,5.0,20.0,1000000.0,0,0,80000.0,1,4.5194722262232725,0.07581000963461282
True,40.0,20.0,5.0,20.0,1000000.0,0,0,80000.0,2,6.1292068779834965,0.21262887877052528
True,40.0,20.0,5.0,20.0,1000000.0,0,0,80000.0,3,7.990273061267605,0.07250849017246175
True,40.0,20.0,5.0,20.0,1000000.0,0,0,80000.0,4,8.519110810852972,0.10387258749797823
True,40.0,20.0,5.0,20.0,1000000.0,0,0,80000.0,5,10.622254503960038,0.01906996225433666
True,50.0,20.0,5.0,20.0,1000000.0,0,0,80000.0,1,4.480696717821113,0.03703450123245311
True,50.0,20.0,5.0,20.0,1000000.0,0,0,80000.0,2,6.094007561757102,0.17742956254413045
True,50.0,20.0,5.0,20.0,1000000.0,0,0,80000.0,3,8.081683919682307,0.1639193485871635
True,50.0,20.0,5.0,20.0,1000000.0,0,0,80000.0,4,8.4675840538231,0.0523458304681057
True,50.0,20.0,5.0,20.0,1000000.0,0,0,80000.0,5,10.65100564105911,0.04782109935340806
True,60.0,20.0,5.0,20.0,1000000.0,0,0,80000.0,1,4.450317706309771,0.006655489721111074
True,60.0,20.0,5.0,20.0,1000000.0,0,0,80000.0,2,6.020101903969078,0.10352390475610651
True,60.0,20.0,5.0,20.0,1000000.0,0,0,80000.0,3,8.092275087574826,0.17451051647968274
True,60.0,20.0,5.0,20.0,1000000.0,0,0,80000.0,4,8.417454606270772,0.00221638291577797
True,60.0,20.0,5.0,20.0,1000000.0,0,0,80000.0,5,10.653702638330001,0.05051809662429996
True,70.0,20.0,5.0,20.0,1000000.0,0,0,80000.0,1,4.427977823769237,-0.015684392819422577
True,70.0,20.0,5.0,20.0,1000000.0,0,0,80000.0,2,5.9384232530882235,0.02184525387525227
True,70.0,20.0,5.0,20.0,1000000.0,0,0,80000.0,3,7.998810140707021,0.08104556961187726
True,70.0,20.0,5.0,20.0,1000000.0,0,0,80000.0,4,8.396076888055948,-0.019161335299045845
True,70.0,20.0,5.0,20.0,1000000.0,0,0,80000.0,5,10.643683125916938,0.04049858421123709
True,80.0,20.0,5.0,20.0,1000000.0,0,0,80000.0,1,4.418926834671039,-0.024735381917620813
True,80.0,20.0,5.0,20.0,1000000.0,0,0,80000.0,2,5.889044613729543,-0.02753338548342832
True,80.0,20.0,5.0,20.0,1000000.0,0,0,80000.0,3,7.912189906335085,-0.005574664760058745
True,80.0,20.0,5.0,20.0,1000000.0,0,0,80000.0,4,8.395991697890919,-0.019246525464074793
True,80.0,20.0,5.0,20.0,1000000.0,0,0,80000.0,5,10.603783178377654,0.0005986366719525904
True,90.0,20.0,5.0,20.0,1000000.0,0,0,80000.0,1,4.420164481928964,-0.023497734659695624
True,90.0,20.0,5.0,20.0,1000000.0,0,0,80000.0,2,5.881392673943234,-0.03518532526973761
True,90.0,20.0,5.0,20.0,1000000.0,0,0,80000.0,3,7.88922413168028,-0.02854043941486406
True,90.0,20.0,5.0,20.0,1000000.0,0,0,80000.0,4,8.399933005647537,-0.015305217707457075
True,90.0,20.0,5.0,20.0,1000000.0,0,0,80000.0,5,10.574380828803909,-0.028803712901792622
True,10.0,20.0,20.0,20.0,1000000.0,0,0,80000.0,1,4.572999553834452,0.12933733724579266
True,10.0,20.0,20.0,20.0,1000000.0,0,0,80000.0,2,5.947501336739162,0.030923337526190586
True,10.0,20.0,20.0,20.0,1000000.0,0,0,80000.0,3,7.974871859330071,0.05710728823492772
True,10.0,20.0,20.0,20.0,1000000.0,0,0,80000.0,4,8.58830010074128,0.17306187738628687
True,10.0,20.0,20.0,20.0,1000000.0,0,0,80000.0,5,10.638141963878091,0.03495742217238984
True,20.0,20.0,20.0,20.0,1000000.0,0,0,80000.0,1,4.554464456880611,0.11080224029195129
True,20.0,20.0,20.0,20.0,1000000.0,0,0,80000.0,2,5.977488947432924,0.06091094821995302
True,20.0,20.0,20.0,20.0,1000000.0,0,0,80000.0,3,7.96335267071538,0.04558809962023602
True,20.0,20.0,20.0,20.0,1000000.0,0,0,80000.0,4,8.549289632255608,0.13405140890061418
True,20.0,20.0,20.0,20.0,1000000.0,0,0,80000.0,5,10.644120669641115,0.04093612793541368
True,30.0,20.0,20.0,20.0,1000000.0,0,0,80000.0,1,4.52914802443863,0.08548580784997029
True,30.0,20.0,20.0,20.0,1000000.0,0,0,80000.0,2,6.006655327464331,0.09007732825135939
True,30.0,20.0,20.0,20.0,1000000.0,0,0,80000.0,3,7.965557348587427,0.04779277749228328
True,30.0,20.0,20.0,20.0,1000000.0,0,0,80000.0,4,8.506478044371653,0.09123982101665895
True,30.0,20.0,20.0,20.0,1000000.0,0,0,80000.0,5,10.64891664014505,0.045732098439348334
True,40.0,20.0,20.0,20.0,1000000.0,0,0,80000.0,1,4.502611582290364,0.058949365701704615
True,40.0,20.0,20.0,20.0,1000000.0,0,0,80000.0,2,6.0176637453711965,0.1010857461582253
True,40.0,20.0,20.0,20.0,1000000.0,0,0,80000.0,3,7.985458242679839,0.06769367158469564
True,40.0,20.0,20.0,20.0,1000000.0,0,0,80000.0,4,8.469656045496329,0.05441782214133539
True,40.0,20.0,20.0,20.0,1000000.0,0,0,80000.0,5,10.656566715912984,0.05338217420728242
True,50.0,20.0,20.0,20.0,1000000.0,0,0,80000.0,1,4.478206447410944,0.034544230822284305
True,50.0,20.0,20.0,20.0,1000000.0,0,0,80000.0,2,6.006021129196492,0.089443129983521
True,50.0,20.0,20.0,20.0,1000000.0,0,0,80000.0,3,8.005081382575776,0.08731681148063242
True,50.0,20.0,20.0,20.0,1000000.0,0,0,80000.0,4,8.441648344613139,0.026410121258145125
True,50.0,20.0,20.0,20.0,1000000.0,0,0,80000.0,5,10.668202740245807,0.06501819854010549
True,60.0,20.0,20.0,20.0,1000000.0,0,0,80000.0,1,4.458632989254363,0.014970772665702903
True,60.0,20.0,20.0,20.0,1000000.0,0,0,80000.0,2,5.978313072642224,0.06173507342925255
True,60.0,20.0,20.0,20.0,1000000.0,0,0,80000.0,3,8.002666359794553,0.08490178869940923
True,60.0,20.0,20.0,20.0,1000000.0,0,0,80000.0,4,8.422734264947364,0.007496041592370162
True,60.0,20.0,20.0,20.0,1000000.0,0,0,80000.0,5,10.671421707919418,0.06823716621371645
True,70.0,20.0,20.0,20.0,1000000.0,0,0,80000.0,1,4.444593167074456,0.000930950485796167
True,70.0,20.0,20.0,20.0,1000000.0,0,0,80000.0,2,5.946816784979379,0.03023878576640815
True,70.0,20.0,20.0,20.0,1000000.0,0,0,80000.0,3,7.976655031051873,0.05889045995672948
True,70.0,20.0,20.0,20.0,1000000.0,0,0,80000.0,4,8.412493390097016,-0.00274483325797803
True,70.0,20.0,20.0,20.0,1000000.0,0,0,80000.0,5,10.658466816405028,0.05528227469932645
True,80.0,20.0,20.0,20.0,1000000.0,0,0,80000.0,1,4.436274735825263,-0.007387480763396681
True,80.0,20.0,20.0,20.0,1000000.0,0,0,80000.0,2,5.922019955641942,0.00544195642897094
True,80.0,20.0,20.0,20.0,1000000.0,0,0,80000.0,3,7.945545233620051,0.02778066252490774
True,80.0,20.0,20.0,20.0,1000000.0,0,0,80000.0,4,8.408681611124987,-0.00655661223000692
True,80.0,20.0,20.0,20.0,1000000.0,0,0,80000.0,5,10.633488833200307,0.03030429149460545
True,90.0,20.0,20.0,20.0,1000000.0,0,0,80000.0,1,4.432370474042069,-0.011291742546590378
True,90.0,20.0,20.0,20.0,1000000.0,0,0,80000.0,2,5.908057345352156,-0.00852065386081513
True,90.0,20.0,20.0,20.0,1000000.0,0,0,80000.0,3,7.923705248779763,0.0059406776846193665
True,90.0,20.0,20.0,20.0,1000000.0,0,0,80000.0,4,8.407968693141898,-0.007269530213095621
True,90.0,20.0,20.0,20.0,1000000.0,0,0,80000.0,5,10.611003254906374,0.007818713200672178
True,10.0,0.0,50.0,20.0,1000000.0,0,0,80000.0,1,4.49679213333985,0.05312991675119072
True,10.0,0.0,50.0,20.0,1000000.0,0,0,80000.0,2,5.942657871129902,0.02607987191693084
True,10.0,0.0,50.0,20.0,1000000.0,0,0,80000.0,3,7.949278488027699,0.03151391693255512
True,10.0,0.0,50.0,20.0,1000000.0,0,0,80000.0,4,8.467937743417005,0.05269952006201173
True,10.0,0.0,50.0,20.0,1000000.0,0,0,80000.0,5,10.635555355654976,0.032370813949274435
True,20.0,0.0,50.0,20.0,1000000.0,0,0,80000.0,1,4.491309290438993,0.0476470738503334
True,20.0,0.0,50.0,20.0,1000000.0,0,0,80000.0,2,5.944415474817703,0.027837475604731488
True,20.0,0.0,50.0,20.0,1000000.0,0,0,80000.0,3,7.951149656538648,0.033385085443504714
True,20.0,0.0,50.0,20.0,1000000.0,0,0,80000.0,4,8.462151934524634,0.04691371116964049
True,20.0,0.0,50.0,20.0,1000000.0,0,0,80000.0,5,10.635439428126992,0.03225488642129015
True,50.0,0.0,50.0,20.0,1000000.0,0,0,80000.0,1,4.465989906382321,0.022327689793661065
True,50.0,0.0,50.0,20.0,1000000.0,0,0,80000.0,2,5.945521364750512,0.028943365537540622
True,50.0,0.0,50.0,20.0,1000000.0,0,0,80000.0,3,7.956978377734741,0.03921380663959706
True,50.0,0.0,50.0,20.0,1000000.0,0,0,80000.0,4,8.436739421584488,0.021501198229493923
True,50.0,0.0,50.0,20.0,1000000.0,0,0,80000.0,5,10.635304579683632,0.03212003797793095
True,70.0,0.0,50.0,20.0,1000000.0,0,0,80000.0,1,4.45249650473287,0.008834288144210056
True,70.0,0.0,50.0,20.0,1000000.0,0,0,80000.0,2,5.932665027652201,0.01608702843922938
True,70.0,0.0,50.0,20.0,1000000.0,0,0,80000.0,3,7.945961269386294,0.028196698291150568
True,70.0,0.0,50.0,20.0,1000000.0,0,0,80000.0,4,8.42384574781766,0.00860752446266666
True,70.0,0.0,50.0,20.0,1000000.0,0,0,80000.0,5,10.62796787257422,0.02478333086851947
True,80.0,0.0,50.0,20.0,1000000.0,0,0,80000.0,1,4.447073463645777,0.0034112470571177056
True,80.0,0.0,50.0,20.0,1000000.0,0,0,80000.0,2,5.925456965654305,0.008878966441333347
True,80.0,0.0,50.0,20.0,1000000.0,0,0,80000.0,3,7.9378615845009115,0.02009701340576786
True,80.0,0.0,50.0,20.0,1000000.0,0,0,80000.0,4,8.419991539079613,0.004753315724618901
True,80.0,0.0,50.0,20.0,1000000.0,0,0,80000.0,5,10.621833242889917,0.018648701184215355
True,90.0,0.0,50.0,20.0,1000000.0,0,0,80000.0,1,4.443771580968266,0.0001093643796066246
True,90.0,0.0,50.0,20.0,1000000.0,0,0,80000.0,2,5.9184881578497786,0.0019101586368073242
True,90.0,0.0,50.0,20.0,1000000.0,0,0,80000.0,3,7.931523562110734,0.013758991015590638
True,90.0,0.0,50.0,20.0,1000000.0,0,0,80000.0,4,8.41702282982576,0.0017846064707658371
True,90.0,0.0,50.0,20.0,1000000.0,0,0,80000.0,5,10.615228814359606,0.012044272653904287
True,10.0,20.0,50.0,20.0,1000000.0,0,0,80000.0,1,4.48623885789721,0.042576641308550656
True,10.0,20.0,50.0,20.0,1000000.0,0,0,80000.0,2,5.936243241329734,0.019665242116762904
True,10.0,20.0,50.0,20.0,1000000.0,0,0,80000.0,3,7.943760449959676,0.02599587886453225
True,10.0,20.0,50.0,20.0,1000000.0,0,0,80000.0,4,8.463934639300684,0.048696415945689964
True,10.0,20.0,50.0,20.0,1000000.0,0,0,80000.0,5,10.628928016713024,0.025743475007322658
True,20.0,20.0,50.0,20.0,1000000.0,0,0,80000.0,1,4.481454749999894,0.0377925334112339
True,20.0,20.0,50.0,20.0,1000000.0,0,0,80000.0,2,5.938656044051689,0.022078044838718114
True,20.0,20.0,50.0,20.0,1000000.0,0,0,80000.0,3,7.9452263435309565,0.027461772435812826
True,20.0,20.0,50.0,20.0,1000000.0,0,0,80000.0,4,8.458594335825783,0.0433561124707893
True,20.0,20.0,50.0,20.0,1000000.0,0,0,80000.0,5,10.629051953056,0.025867411350299463
True,30.0,20.0,50.0,20.0,1000000.0,0,0,80000.0,1,4.475656685158555,0.03199446856989496
True,30.0,20.0,50.0,20.0,1000000.0,0,0,80000.0,2,5.940527307659919,0.02394930844694798
True,30.0,20.0,50.0,20.0,1000000.0,0,0,80000.0,3,7.945672574704024,0.02790800360888035
True,30.0,20.0,50.0,20.0,1000000.0,0,0,80000.0,4,8.450980707239605,0.03574248388461143
True,30.0,20.0,50.0,20.0,1000000.0,0,0,80000.0,5,10.629197462132547,0.026012920426845554
True,40.0,20.0,50.0,20.0,1000000.0,0,0,80000.0,1,4.468499759627274,0.02483754303861474
True,40.0,20.0,50.0,20.0,1000000.0,0,0,80000.0,2,5.940787778843335,0.024209779630363748
True,40.0,20.0,50.0,20.0,1000000.0,0,0,80000.0,3,7.946137281302723,0.028372710207579033
True,40.0,20.0,50.0,20.0,1000000.0,0,0,80000.0,4,8.442539915590256,0.027301692235262465
True,40.0,20.0,50.0,20.0,1000000.0,0,0,80000.0,5,10.6290254508746,0.025840909168898918
True,50.0,20.0,50.0,20.0,1000000.0,0,0,80000.0,1,4.460799740887427,0.017137524298767026
True,50.0,20.0,50.0,20.0,1000000.0,0,0,80000.0,2,5.9363401178813655,0.01976211866839428
True,50.0,20.0,50.0,20.0,1000000.0,0,0,80000.0,3,7.94551132528202,0.02774675418687611
True,50.0,20.0,50.0,20.0,1000000.0,0,0,80000.0,4,8.434616504996397,0.019378281641403206
True,50.0,20.0,50.0,20.0,1000000.0,0,0,80000.0,5,10.627709107474475,0.0245245657687736
True,60.0,20.0,50.0,20.0,1000000.0,0,0,80000.0,1,4.454930437116609,0.011268220527949069
True,60.0,20.0,50.0,20.0,1000000.0,0,0,80000.0,2,5.93585938327865,0.01928138406567914
True,60.0,20.0,50.0,20.0,1000000.0,0,0,80000.0,3,7.943491562603134,0.02572699150799007
True,60.0,20.0,50.0,20.0,1000000.0,0,0,80000.0,4,8.428123542121641,0.012885318766647558
True,60.0,20.0,50.0,20.0,1000000.0,0,0,80000.0,5,10.626886237980417,0.02370169627471519
True,70.0,20.0,50.0,20.0,1000000.0,0,0,80000.0,1,4.44952052593551,0.005858309346850277
True,70.0,20.0,50.0,20.0,1000000.0,0,0,80000.0,2,5.928482466766093,0.011904467553121911
True,70.0,20.0,50.0,20.0,1000000.0,0,0,80000.0,3,7.939238654157451,0.02147408306230769
True,70.0,20.0,50.0,20.0,1000000.0,0,0,80000.0,4,8.422986968444253,0.007748745089259046
True,70.0,20.0,50.0,20.0,1000000.0,0,0,80000.0,5,10.623264590062648,0.02008004835694699
True,80.0,20.0,50.0,20.0,1000000.0,0,0,80000.0,1,4.444547222032933,0.0008850054442737232
True,80.0,20.0,50.0,20.0,1000000.0,0,0,80000.0,2,5.921476844876168,0.004898845663197093
True,80.0,20.0,50.0,20.0,1000000.0,0,0,80000.0,3,7.9342235858649,0.01645901476975631
True,80.0,20.0,50.0,20.0,1000000.0,0,0,80000.0,4,8.419240164856097,0.004001941501103445
True,80.0,20.0,50.0,20.0,1000000.0,0,0,80000.0,5,10.617379135024828,0.01419459331912698
True,90.0,20.0,50.0,20.0,1000000.0,0,0,80000.0,1,4.441306338602492,-0.002355877986167876
True,90.0,20.0,50.0,20.0,1000000.0,0,0,80000.0,2,5.916377572245408,-0.000200426967563061
True,90.0,20.0,50.0,20.0,1000000.0,0,0,80000.0,3,7.928832012803765,0.011067441708621395
True,90.0,20.0,50.0,20.0,1000000.0,0,0,80000.0,4,8.416917519967745,0.0016792966127514575
True,90.0,20.0,50.0,20.0,1000000.0,0,0,80000.0,5,10.612096469716272,0.008911928010570946
True,0.0,0.0,20.0,20.0,1000000.0,0,0,80000.0,1,4.63610508403725,0.19244286744859007
True,0.0,0.0,20.0,20.0,1000000.0,0,0,80000.0,2,5.949640137150374,0.03306213793740298
True,0.0,0.0,20.0,20.0,1000000.0,0,0,80000.0,3,8.022635221776085,0.10487065068094115
True,0.0,0.0,20.0,20.0,1000000.0,0,0,80000.0,4,8.541297288731057,0.12605906537606337
True,0.0,0.0,20.0,20.0,1000000.0,0,0,80000.0,5,10.675613432355652,0.07242889064995062
True,0.0,0.0,50.0,20.0,1000000.0,0,0,80000.0,1,4.492066776742887,0.04840456015422756
True,0.0,0.0,50.0,20.0,1000000.0,0,0,80000.0,2,5.939504233516827,0.02292623430385543
True,0.0,0.0,50.0,20.0,1000000.0,0,0,80000.0,3,7.95188004424326,0.03411547314811614
True,0.0,0.0,50.0,20.0,1000000.0,0,0,80000.0,4,8.469356913752588,0.054118690397594094
True,0.0,0.0,50.0,20.0,1000000.0,0,0,80000.0,5,10.635427008737457,0.032242467031755595
True,0.0,0.0,5.0,20.0,1000000.0,0,0,80000.0,1,4.799861487747981,0.35619927115932093
True,0.0,0.0,5.0,20.0,1000000.0,0,0,80000.0,2,5.878600981940619,-0.03797701727235214
True,0.0,0.0,5.0,20.0,1000000.0,0,0,80000.0,3,8.199230996649066,0.2814664255539219
True,0.0,0.0,5.0,20.0,1000000.0,0,0,80000.0,4,8.462750262369376,0.04751203901438217
True,0.0,0.0,5.0,20.0,1000000.0,0,0,80000.0,5,10.620585348759528,0.01740080705382674
True,0.0,20.0,20.0,20.0,1000000.0,0,0,80000.0,1,4.581286046914168,0.1376238303255084
True,0.0,20.0,20.0,20.0,1000000.0,0,0,80000.0,2,5.93485011759275,0.01827211837977849
True,0.0,20.0,20.0,20.0,1000000.0,0,0,80000.0,3,7.981497639664464,0.06373306856932004
True,0.0,20.0,20.0,20.0,1000000.0,0,0,80000.0,4,8.604268835342241,0.18903061198724735
True,0.0,20.0,20.0,20.0,1000000.0,0,0,80000.0,5,10.634862753362384,0.03167821165668272
True,0.0,20.0,50.0,20.0,1000000.0,0,0,80000.0,1,4.490396069126655,0.046733852537995446
True,0.0,20.0,50.0,20.0,1000000.0,0,0,80000.0,2,5.936111355145931,0.019533355932959573
True,0.0,20.0,50.0,20.0,1000000.0,0,0,80000.0,3,7.94581270485447,0.028048133759326355
True,0.0,20.0,50.0,20.0,1000000.0,0,0,80000.0,4,8.466180519569114,0.05094229621412083
True,0.0,20.0,50.0,20.0,1000000.0,0,0,80000.0,5,10.628728319604893,0.025543777899191156
True,-10.0,0.0,5.0,20.0,1000000.0,0,0,80000.0,1,4.770816565984537,0.32715434939587773
True,-10.0,0.0,5.0,20.0,1000000.0,0,0,80000.0,2,5.945836658055912,0.029258658842940655
True,-10.0,0.0,5.0,20.0,1000000.0,0,0,80000.0,3,8.111865930711927,0.19410135961678332
True,-10.0,0.0,5.0,20.0,1000000.0,0,0,80000.0,4,8.4542866248263,0.03904840147130706
True,-10.0,0.0,5.0,20.0,1000000.0,0,0,80000.0,5,10.648390524418357,0.04520598271265541
True,-20.0,0.0,5.0,20.0,1000000.0,0,0,80000.0,1,4.705307037459487,0.26164482087082774
True,-20.0,0.0,5.0,20.0,1000000.0,0,0,80000.0,2,6.113266890074213,0.19668889086124164
True,-20.0,0.0,5.0,20.0,1000000.0,0,0,80000.0,3,7.961236331386586,0.04347176029144251
True,-20.0,0.0,5.0,20.0,1000000.0,0,0,80000.0,4,8.435315682053368,0.020077458698374073
True,-20.0,0.0,5.0,20.0,1000000.0,0,0,80000.0,5,10.711680294456384,0.10849575275068268
True,-30.0,0.0,5.0,20.0,1000000.0,0,0,80000.0,1,4.632266676994321,0.18860446040566092
True,-30.0,0.0,5.0,20.0,1000000.0,0,0,80000.0,2,6.272609741688273,0.35603174247530145
True,-30.0,0.0,5.0,20.0,1000000.0,0,0,80000.0,3,7.950595724250199,0.03283115315505558
True,-30.0,0.0,5.0,20.0,1000000.0,0,0,80000.0,4,8.41362518693904,-0.0016130364159536725
True,-30.0,0.0,5.0,20.0,1000000.0,0,0,80000.0,5,10.748696194071293,0.14551165236559171
True,-40.0,0.0,5.0,20.0,1000000.0,0,0,80000.0,1,4.563176826182461,0.11951460959380089
True,-40.0,0.0,5.0,20.0,1000000.0,0,0,80000.0,2,6.307895672164895,0.39131767295192343
True,-40.0,0.0,5.0,20.0,1000000.0,0,0,80000.0,3,8.174085520159972,0.25632094906482816
True,-40.0,0.0,5.0,20.0,1000000.0,0,0,80000.0,4,8.39668416489571,-0.018554058459283596
True,-40.0,0.0,5.0,20.0,1000000.0,0,0,80000.0,5,10.666993660324874,0.06380911861917227
True,-50.0,0.0,5.0,20.0,1000000.0,0,0,80000.0,1,4.511767404298444,0.06810518770978469
True,-50.0,0.0,5.0,20.0,1000000.0,0,0,80000.0,2,6.234480176272008,0.3179021770590369
True,-50.0,0.0,5.0,20.0,1000000.0,0,0,80000.0,3,8.380860452747699,0.46309588165255544
True,-50.0,0.0,5.0,20.0,1000000.0,0,0,80000.0,4,8.396483741381907,-0.018754481973086712
True,-50.0,0.0,5.0,20.0,1000000.0,0,0,80000.0,5,10.727897698822531,0.12471315711682962
True,-60.0,0.0,5.0,20.0,1000000.0,0,0,80000.0,1,4.47379486698798,0.030132650399320227
True,-60.0,0.0,5.0,20.0,1000000.0,0,0,80000.0,2,6.1267114762387225,0.21013347702575125
True,-60.0,0.0,5.0,20.0,1000000.0,0,0,80000.0,3,8.363612808913413,0.4458482378182689
True,-60.0,0.0,5.0,20.0,1000000.0,0,0,80000.0,4,8.388348038626813,-0.026890184728181055
True,-60.0,0.0,5.0,20.0,1000000.0,0,0,80000.0,5,10.69457096323514,0.09138642152943888
True,-70.0,0.0,5.0,20.0,1000000.0,0,0,80000.0,1,4.447403745397592,0.003741528808932415
True,-70.0,0.0,5.0,20.0,1000000.0,0,0,80000.0,2,6.022800645203942,0.10622264599097075
True,-70.0,0.0,5.0,20.0,1000000.0,0,0,80000.0,3,8.196538572314417,0.278774001219273
True,-70.0,0.0,5.0,20.0,1000000.0,0,0,80000.0,4,8.391837130272176,-0.02340109308281768
True,-70.0,0.0,5.0,20.0,1000000.0,0,0,80000.0,5,10.673467623208305,0.07028308150260365
True,-80.0,0.0,5.0,20.0,1000000.0,0,0,80000.0,1,4.426824496345434,-0.016837720243225718
True,-80.0,0.0,5.0,20.0,1000000.0,0,0,80000.0,2,5.926163642800756,0.009585643587784354
True,-80.0,0.0,5.0,20.0,1000000.0,0,0,80000.0,3,7.993462185292087,0.07569761419694299
True,-80.0,0.0,5.0,20.0,1000000.0,0,0,80000.0,4,8.395743433963961,-0.01949478939103244
True,-80.0,0.0,5.0,20.0,1000000.0,0,0,80000.0,5,10.664524187541307,0.061339645835605694
True,-90.0,0.0,5.0,20.0,1000000.0,0,0,80000.0,1,4.420685486884055,-0.02297672970460507
True,-90.0,0.0,5.0,20.0,1000000.0,0,0,80000.0,2,5.88423076926305,-0.03234722994992101
True,-90.0,0.0,5.0,20.0,1000000.0,0,0,80000.0,3,7.897691529751547,-0.020073041343596998
True,-90.0,0.0,5.0,20.0,1000000.0,0,0,80000.0,4,8.399516196214034,-0.015722027140959938
True,-90.0,0.0,5.0,20.0,1000000.0,0,0,80000.0,5,10.58988789071374,-0.0132966509919612
True,-10.0,20.0,5.0,20.0,1000000.0,0,0,80000.0,1,4.652217804772387,0.2085555881837271
True,-10.0,20.0,5.0,20.0,1000000.0,0,0,80000.0,2,5.912368978587098,-0.004209020625872917
True,-10.0,20.0,5.0,20.0,1000000.0,0,0,80000.0,3,7.966032624267122,0.04826805317197813
True,-10.0,20.0,5.0,20.0,1000000.0,0,0,80000.0,4,8.8770877482905,0.4618495249355057
True,-10.0,20.0,5.0,20.0,1000000.0,0,0,80000.0,5,10.59367043195714,-0.009514109748561594
True,-20.0,20.0,5.0,20.0,1000000.0,0,0,80000.0,1,4.614234413201421,0.17057219661276157
True,-20.0,20.0,5.0,20.0,1000000.0,0,0,80000.0,2,6.004681904581836,0.08810390536886459
True,-20.0,20.0,5.0,20.0,1000000.0,0,0,80000.0,3,7.924314029067108,0.0065494579719640456
True,-20.0,20.0,5.0,20.0,1000000.0,0,0,80000.0,4,8.703181215085541,0.2879429917305476
True,-20.0,20.0,5.0,20.0,1000000.0,0,0,80000.0,5,10.601825703275649,-0.001358838430052245
True,-30.0,20.0,5.0,20.0,1000000.0,0,0,80000.0,1,4.566961025762886,0.12329880917422642
True,-30.0,20.0,5.0,20.0,1000000.0,0,0,80000.0,2,6.096365632302504,0.17978763308953294
True,-30.0,20.0,5.0,20.0,1000000.0,0,0,80000.0,3,7.918519086131347,0.0007545150362036068
True,-30.0,20.0,5.0,20.0,1000000.0,0,0,80000.0,4,8.586416115393925,0.17117789203893174
True,-30.0,20.0,5.0,20.0,1000000.0,0,0,80000.0,5,10.607862961006264,0.004678419300562453
True,-40.0,20.0,5.0,20.0,1000000.0,0,0,80000.0,1,4.521201217663223,0.07753900107456335
True,-40.0,20.0,5.0,20.0,1000000.0,0,0,80000.0,2,6.130480629145185,0.21390262993221398
True,-40.0,20.0,5.0,20.0,1000000.0,0,0,80000.0,3,7.990922754862321,0.07315818376717775
True,-40.0,20.0,5.0,20.0,1000000.0,0,0,80000.0,4,8.521156252351487,0.10591802899649316
True,-40.0,20.0,5.0,20.0,1000000.0,0,0,80000.0,5,10.623759346011191,0.020574804305489636
True,-50.0,20.0,5.0,20.0,1000000.0,0,0,80000.0,1,4.482599073313455,0.03893685672479563
True,-50.0,20.0,5.0,20.0,1000000.0,0,0,80000.0,2,6.096899707702445,0.1803217084894735
True,-50.0,20.0,5.0,20.0,1000000.0,0,0,80000.0,3,8.083221424332082,0.1654568532369387
True,-50.0,20.0,5.0,20.0,1000000.0,0,0,80000.0,4,8.470153183119683,0.054914959764689186
True,-50.0,20.0,5.0,20.0,1000000.0,0,0,80000.0,5,10.652698576793885,0.049514035088183306
True,-60.0,20.0,5.0,20.0,1000000.0,0,0,80000.0,1,4.452054119920208,0.008391903331548711
True,-60.0,20.0,5.0,20.0,1000000.0,0,0,80000.0,2,6.023100547761993,0.10652254854902221
True,-60.0,20.0,5.0,20.0,1000000.0,0,0,80000.0,3,8.094245082388667,0.1764805112935237
True,-60.0,20.0,5.0,20.0,1000000.0,0,0,80000.0,4,8.419541177511721,0.004302954156727878
True,-60.0,20.0,5.0,20.0,1000000.0,0,0,80000.0,5,10.655876442793266,0.05269190108756483
True,-70.0,20.0,5.0,20.0,1000000.0,0,0,80000.0,1,4.4312332789800575,-0.012428937608602197
True,-70.0,20.0,5.0,20.0,1000000.0,0,0,80000.0,2,5.940383831017236,0.023805831804264876
True,-70.0,20.0,5.0,20.0,1000000.0,0,0,80000.0,3,8.000585221914733,0.08282065081958923
True,-70.0,20.0,5.0,20.0,1000000.0,0,0,80000.0,4,8.397425105021787,-0.017813118333206646
True,-70.0,20.0,5.0,20.0,1000000.0,0,0,80000.0,5,10.645245699617483,0.04206115791178178
True,-80.0,20.0,5.0,20.0,1000000.0,0,0,80000.0,1,4.418749541675531,-0.02491267491312854
True,-80.0,20.0,5.0,20.0,1000000.0,0,0,80000.0,2,5.890135561890849,-0.026442437322121926
True,-80.0,20.0,5.0,20.0,1000000.0,0,0,80000.0,3,7.9120602106681375,-0.005704360427006172
True,-80.0,20.0,5.0,20.0,1000000.0,0,0,80000.0,4,8.396361116792534,-0.01887710656246
True,-80.0,20.0,5.0,20.0,1000000.0,0,0,80000.0,5,10.604741050522307,0.0015565088166056285
True,-90.0,20.0,5.0,20.0,1000000.0,0,0,80000.0,1,4.420300518570176,-0.023361698018483423
True,-90.0,20.0,5.0,20.0,1000000.0,0,0,80000.0,2,5.881778476163192,-0.03479952304977907
True,-90.0,20.0,5.0,20.0,1000000.0,0,0,80000.0,3,7.889476573571589,-0.028287997523555042
True,-90.0,20.0,5.0,20.0,1000000.0,0,0,80000.0,4,8.400288776638423,-0.014949446716570947
True,-90.0,20.0,5.0,20.0,1000000.0,0,0,80000.0,5,10.574882287209185,-0.028302254496516355
True,-10.0,0.0,20.0,20.0,1000000.0,0,0,80000.0,1,4.625797501952218,0.18213528536355827
True,-10.0,0.0,20.0,20.0,1000000.0,0,0,80000.0,2,5.967929573813895,0.051351574600923655
True,-10.0,0.0,20.0,20.0,1000000.0,0,0,80000.0,3,8.008435668787167,0.09067109769202286
True,-10.0,0.0,20.0,20.0,1000000.0,0,0,80000.0,4,8.532620653856537,0.11738243050154296
True,-10.0,0.0,20.0,20.0,1000000.0,0,0,80000.0,5,10.684701804915234,0.08151726320953223
True,-20.0,0.0,20.0,20.0,1000000.0,0,0,80000.0,1,4.5999851137134655,0.15632289712480585
True,-20.0,0.0,20.0,20.0,1000000.0,0,0,80000.0,2,6.0138280841741985,0.09725008496122722
True,-20.0,0.0,20.0,20.0,1000000.0,0,0,80000.0,3,7.9871266035254544,0.0693620324303108
True,-20.0,0.0,20.0,20.0,1000000.0,0,0,80000.0,4,8.510931004913772,0.09569278155877825
True,-20.0,0.0,20.0,20.0,1000000.0,0,0,80000.0,5,10.698448153742445,0.09526361203674405
True,-30.0,0.0,20.0,20.0,1000000.0,0,0,80000.0,1,4.565936107035897,0.12227389044723758
True,-30.0,0.0,20.0,20.0,1000000.0,0,0,80000.0,2,6.060007254135154,0.14342925492218317
True,-30.0,0.0,20.0,20.0,1000000.0,0,0,80000.0,3,7.991764244946043,0.07399967385089923
True,-30.0,0.0,20.0,20.0,1000000.0,0,0,80000.0,4,8.482989953659034,0.06775173030404069
True,-30.0,0.0,20.0,20.0,1000000.0,0,0,80000.0,5,10.69434053208028,0.09115599037457933
True,-40.0,0.0,20.0,20.0,1000000.0,0,0,80000.0,1,4.530117398124758,0.0864551815360981
True,-40.0,0.0,20.0,20.0,1000000.0,0,0,80000.0,2,6.07814955540309,0.1615715561901192
True,-40.0,0.0,20.0,20.0,1000000.0,0,0,80000.0,3,8.031990076467785,0.11422550537264176
True,-40.0,0.0,20.0,20.0,1000000.0,0,0,80000.0,4,8.456093405003452,0.04085518164845858
True,-40.0,0.0,20.0,20.0,1000000.0,0,0,80000.0,5,10.69314836118038,0.08996381947467924
True,-50.0,0.0,20.0,20.0,1000000.0,0,0,80000.0,1,4.4986518766770835,0.054989660088423875
True,-50.0,0.0,20.0,20.0,1000000.0,0,0,80000.0,2,6.063392158040253,0.146814158827282
True,-50.0,0.0,20.0,20.0,1000000.0,0,0,80000.0,3,8.072474432990097,0.15470986189495317
True,-50.0,0.0,20.0,20.0,1000000.0,0,0,80000.0,4,8.43556482868578,0.020326605330787118
True,-50.0,0.0,20.0,20.0,1000000.0,0,0,80000.0,5,10.721170929475344,0.11798638776964232
True,-60.0,0.0,20.0,20.0,1000000.0,0,0,80000.0,1,4.4722002512057415,0.02853803461708182
True,-60.0,0.0,20.0,20.0,1000000.0,0,0,80000.0,2,6.022780727698804,0.10620272848583312
True,-60.0,0.0,20.0,20.0,1000000.0,0,0,80000.0,3,8.072004195526004,0.15423962443086037
True,-60.0,0.0,20.0,20.0,1000000.0,0,0,80000.0,4,8.42053844746441,0.005300224109415552
True,-60.0,0.0,20.0,20.0,1000000.0,0,0,80000.0,5,10.730132393332113,0.12694785162641153
True,-70.0,0.0,20.0,20.0,1000000.0,0,0,80000.0,1,4.4532628055086825,0.009600588920022801
True,-70.0,0.0,20.0,20.0,1000000.0,0,0,80000.0,2,5.97685564814208,0.06027764892910881
True,-70.0,0.0,20.0,20.0,1000000.0,0,0,80000.0,3,8.028933634884078,0.11116906378893443
True,-70.0,0.0,20.0,20.0,1000000.0,0,0,80000.0,4,8.412609928719148,-0.002628294635846018
True,-70.0,0.0,20.0,20.0,1000000.0,0,0,80000.0,5,10.705902319778977,0.10271777807327531
True,-80.0,0.0,20.0,20.0,1000000.0,0,0,80000.0,1,4.4408366978724025,-0.002825518716257136
True,-80.0,0.0,20.0,20.0,1000000.0,0,0,80000.0,2,5.93805224665396,0.021474247440989025
True,-80.0,0.0,20.0,20.0,1000000.0,0,0,80000.0,3,7.974398392403627,0.05663382130848316
True,-80.0,0.0,20.0,20.0,1000000.0,0,0,80000.0,4,8.408736557902596,-0.006501665452397276
True,-80.0,0.0,20.0,20.0,1000000.0,0,0,80000.0,5,10.672878819440843,0.0696942777351417
True,-90.0,0.0,20.0,20.0,1000000.0,0,0,80000.0,1,4.434504540156435,-0.009157676432224982
True,-90.0,0.0,20.0,20.0,1000000.0,0,0,80000.0,2,5.914304429049374,-0.002273570163596972
True,-90.0,0.0,20.0,20.0,1000000.0,0,0,80000.0,3,7.935285086002603,0.017520514907459095
True,-90.0,0.0,20.0,20.0,1000000.0,0,0,80000.0,4,8.407937645238357,-0.007300578116636203
True,-90.0,0.0,20.0,20.0,1000000.0,0,0,80000.0,5,10.626867003034342,0.02368246132864016
True,-10.0,20.0,20.0,20.0,1000000.0,0,0,80000.0,1,4.572909808757278,0.12924759216861847
True,-10.0,20.0,20.0,20.0,1000000.0,0,0,80000.0,2,5.94723566986998,0.03065767065700875
True,-10.0,20.0,20.0,20.0,1000000.0,0,0,80000.0,3,7.974986756188356,0.0572221850932122
True,-10.0,20.0,20.0,20.0,1000000.0,0,0,80000.0,4,8.587468122352336,0.1722298989973421
True,-10.0,20.0,20.0,20.0,1000000.0,0,0,80000.0,5,10.638179130120152,0.03499458841445069
True,-20.0,20.0,20.0,20.0,1000000.0,0,0,80000.0,1,4.5545247234107515,0.11086250682209187
True,-20.0,20.0,20.0,20.0,1000000.0,0,0,80000.0,2,5.9771886909529535,0.060610691739982236
True,-20.0,20.0,20.0,20.0,1000000.0,0,0,80000.0,3,7.963693675317372,0.04592910422222829
True,-20.0,20.0,20.0,20.0,1000000.0,0,0,80000.0,4,8.548831458325775,0.1335932349707818
True,-20.0,20.0,20.0,20.0,1000000.0,0,0,80000.0,5,10.644351695891327,0.041167154185625776
True,-30.0,20.0,20.0,20.0,1000000.0,0,0,80000.0,1,4.529624838208488,0.08596262161982793
True,-30.0,20.0,20.0,20.0,1000000.0,0,0,80000.0,2,6.006604329960529,0.09002633074755817
True,-30.0,20.0,20.0,20.0,1000000.0,0,0,80000.0,3,7.965843969101326,0.04807939800618222
True,-30.0,20.0,20.0,20.0,1000000.0,0,0,80000.0,4,8.50672936831278,0.09149114495778576
True,-30.0,20.0,20.0,20.0,1000000.0,0,0,80000.0,5,10.64933762508636,0.046153083380659154
True,-40.0,20.0,20.0,20.0,1000000.0,0,0,80000.0,1,4.503011404217242,0.0593491876285821
True,-40.0,20.0,20.0,20.0,1000000.0,0,0,80000.0,2,6.017718720417093,0.10114072120412221
True,-40.0,20.0,20.0,20.0,1000000.0,0,0,80000.0,3,7.985782035715908,0.0680174646207643
True,-40.0,20.0,20.0,20.0,1000000.0,0,0,80000.0,4,8.470567372452196,0.055329149097202546
True,-40.0,20.0,20.0,20.0,1000000.0,0,0,80000.0,5,10.65694937295114,0.05376483124543796
True,-50.0,20.0,20.0,20.0,1000000.0,0,0,80000.0,1,4.4788965345817005,0.035234317993040776
True,-50.0,20.0,20.0,20.0,1000000.0,0,0,80000.0,2,6.006887485815018,0.09030948660204707
True,-50.0,20.0,20.0,20.0,1000000.0,0,0,80000.0,3,8.005665471162333,0.08790090006718909
True,-50.0,20.0,20.0,20.0,1000000.0,0,0,80000.0,4,8.442582224616064,0.027344001261070616
True,-50.0,20.0,20.0,20.0,1000000.0,0,0,80000.0,5,10.668636842008688,0.06545230030298654
True,-60.0,20.0,20.0,20.0,1000000.0,0,0,80000.0,1,4.45925486653848,0.015592649949820014
True,-60.0,20.0,20.0,20.0,1000000.0,0,0,80000.0,2,5.9792956255058085,0.06271762629283728
True,-60.0,20.0,20.0,20.0,1000000.0,0,0,80000.0,3,8.003398237147653,0.08563366605250966
True,-60.0,20.0,20.0,20.0,1000000.0,0,0,80000.0,4,8.423512678669884,0.008274455314889906
True,-60.0,20.0,20.0,20.0,1000000.0,0,0,80000.0,5,10.671898274817307,0.06871373311160589
True,-70.0,20.0,20.0,20.0,1000000.0,0,0,80000.0,1,4.444996395984484,0.0013341793958243642
True,-70.0,20.0,20.0,20.0,1000000.0,0,0,80000.0,2,5.947636919380768,0.031058920167796877
True,-70.0,20.0,20.0,20.0,1000000.0,0,0,80000.0,3,7.977356487238337,0.05959191614319348
True,-70.0,20.0,20.0,20.0,1000000.0,0,0,80000.0,4,8.413062247580127,-0.002175975774866501
True,-70.0,20.0,20.0,20.0,1000000.0,0,0,80000.0,5,10.658902781651303,0.055718239945601766
True,-80.0,20.0,20.0,20.0,1000000.0,0,0,80000.0,1,4.436406140897541,-0.007256075691119079
True,-80.0,20.0,20.0,20.0,1000000.0,0,0,80000.0,2,5.92259737568413,0.006019376471158466
True,-80.0,20.0,20.0,20.0,1000000.0,0,0,80000.0,3,7.94571331320558,0.02794874211043652
True,-80.0,20.0,20.0,20.0,1000000.0,0,0,80000.0,4,8.40895435664287,-0.006283866712124109
True,-80.0,20.0,20.0,20.0,1000000.0,0,0,80000.0,5,10.63397227773215,0.030787736026448798
True,-90.0,20.0,20.0,20.0,1000000.0,0,0,80000.0,1,4.432913845616927,-0.010748370971732868
True,-90.0,20.0,20.0,20.0,1000000.0,0,0,80000.0,2,5.908063649091651,-0.008514350121320291
True,-90.0,20.0,20.0,20.0,1000000.0,0,0,80000.0,3,7.9252275367880705,0.007462965692926815
True,-90.0,20.0,20.0,20.0,1000000.0,0,0,80000.0,4,8.408094181361434,-0.007144041993559114
True,-90.0,20.0,20.0,20.0,1000000.0,0,0,80000.0,5,10.611361120717708,0.008176579012006968
True,-10.0,0.0,50.0,20.0,1000000.0,0,0,80000.0,1,4.496981995047576,0.05331977845891611
True,-10.0,0.0,50.0,20.0,1000000.0,0,0,80000.0,2,5.943171199788774,0.026593200575803166
True,-10.0,0.0,50.0,20.0,1000000.0,0,0,80000.0,3,7.950975569341484,0.03321099824634022
True,-10.0,0.0,50.0,20.0,1000000.0,0,0,80000.0,4,8.468133085629837,0.052894862274843746
True,-10.0,0.0,50.0,20.0,1000000.0,0,0,80000.0,5,10.635828313739303,0.03264377203360169
True,-20.0,0.0,50.0,20.0,1000000.0,0,0,80000.0,1,4.490644406021488,0.04698218943282839
True,-20.0,0.0,50.0,20.0,1000000.0,0,0,80000.0,2,5.944864014651247,0.028286015438276024
True,-20.0,0.0,50.0,20.0,1000000.0,0,0,80000.0,3,7.95115328239166,0.03338871129651633
True,-20.0,0.0,50.0,20.0,1000000.0,0,0,80000.0,4,8.462209918137361,0.046971694782367734
True,-20.0,0.0,50.0,20.0,1000000.0,0,0,80000.0,5,10.635431474088323,0.03224693238262155
True,-30.0,0.0,50.0,20.0,1000000.0,0,0,80000.0,1,4.485106263859449,0.04144404727078932
True,-30.0,0.0,50.0,20.0,1000000.0,0,0,80000.0,2,5.946835783414364,0.030257784201392468
True,-30.0,0.0,50.0,20.0,1000000.0,0,0,80000.0,3,7.951941081174525,0.03417651007938094
True,-30.0,0.0,50.0,20.0,1000000.0,0,0,80000.0,4,8.454152489616456,0.03891426626146277
True,-30.0,0.0,50.0,20.0,1000000.0,0,0,80000.0,5,10.635218610225408,0.03203406851970669
True,-40.0,0.0,50.0,20.0,1000000.0,0,0,80000.0,1,4.474047362781517,0.030385146192857704
True,-40.0,0.0,50.0,20.0,1000000.0,0,0,80000.0,2,5.946144382977194,0.029566383764223048
True,-40.0,0.0,50.0,20.0,1000000.0,0,0,80000.0,3,7.952472187552619,0.03470761645747533
True,-40.0,0.0,50.0,20.0,1000000.0,0,0,80000.0,4,8.444982436756282,0.029744213401288633
True,-40.0,0.0,50.0,20.0,1000000.0,0,0,80000.0,5,10.635797727574491,0.03261318586879014
True,-50.0,0.0,50.0,20.0,1000000.0,0,0,80000.0,1,4.468441745109741,0.024779528521081673
True,-50.0,0.0,50.0,20.0,1000000.0,0,0,80000.0,2,5.945333556312171,0.02875555709919997
True,-50.0,0.0,50.0,20.0,1000000.0,0,0,80000.0,3,7.952797445648197,0.03503287455305326
True,-50.0,0.0,50.0,20.0,1000000.0,0,0,80000.0,4,8.436710212805814,0.02147198945081996
True,-50.0,0.0,50.0,20.0,1000000.0,0,0,80000.0,5,10.634774616906649,0.031590075200947254
True,-60.0,0.0,50.0,20.0,1000000.0,0,0,80000.0,1,4.461478913574535,0.01781669698587507
True,-60.0,0.0,50.0,20.0,1000000.0,0,0,80000.0,2,5.94004118258569,0.023463183372718355
True,-60.0,0.0,50.0,20.0,1000000.0,0,0,80000.0,3,7.949036166469118,0.03127159537397439
True,-60.0,0.0,50.0,20.0,1000000.0,0,0,80000.0,4,8.42892345418734,0.013685230832345852
True,-60.0,0.0,50.0,20.0,1000000.0,0,0,80000.0,5,10.632828648420277,0.02964410671457607
True,-70.0,0.0,50.0,20.0,1000000.0,0,0,80000.0,1,4.453390866929787,0.009728650341127576
True,-70.0,0.0,50.0,20.0,1000000.0,0,0,80000.0,2,5.932119332059426,0.015541332846455091
True,-70.0,0.0,50.0,20.0,1000000.0,0,0,80000.0,3,7.943177006065239,0.02541243497009571
True,-70.0,0.0,50.0,20.0,1000000.0,0,0,80000.0,4,8.423992749292385,0.008754525937391122
True,-70.0,0.0,50.0,20.0,1000000.0,0,0,80000.0,5,10.627565621535878,0.024381079830176233
True,-80.0,0.0,50.0,20.0,1000000.0,0,0,80000.0,1,4.448687740651857,0.005025524063197118
True,-80.0,0.0,50.0,20.0,1000000.0,0,0,80000.0,2,5.924480917573985,0.007902918361013533
True,-80.0,0.0,50.0,20.0,1000000.0,0,0,80000.0,3,7.9374064472787405,0.019641876183596807
True,-80.0,0.0,50.0,20.0,1000000.0,0,0,80000.0,4,8.419865264974723,0.004627041619729155
True,-80.0,0.0,50.0,20.0,1000000.0,0,0,80000.0,5,10.621293667044966,0.01810912533926512
True,-90.0,0.0,50.0,20.0,1000000.0,0,0,80000.0,1,4.4453421946035565,0.0016799780148968324
True,-90.0,0.0,50.0,20.0,1000000.0,0,0,80000.0,2,5.917772244726907,0.0011942455139362096
True,-90.0,0.0,50.0,20.0,1000000.0,0,0,80000.0,3,7.931301721868663,0.013537150773519357
True,-90.0,0.0,50.0,20.0,1000000.0,0,0,80000.0,4,8.417208926532163,0.0019707031771698524
True,-90.0,0.0,50.0,20.0,1000000.0,0,0,80000.0,5,10.614973104715732,0.011788563010030728
True,-10.0,20.0,50.0,20.0,1000000.0,0,0,80000.0,1,4.486540958137644,0.04287874154898397
True,-10.0,20.0,50.0,20.0,1000000.0,0,0,80000.0,2,5.936223401791174,0.019645402578202464
True,-10.0,20.0,50.0,20.0,1000000.0,0,0,80000.0,3,7.943727480002545,0.025962908907401605
True,-10.0,20.0,50.0,20.0,1000000.0,0,0,80000.0,4,8.46397460014957,0.048736376794575875
True,-10.0,20.0,50.0,20.0,1000000.0,0,0,80000.0,5,10.629045105544849,0.025860563839147588
True,-20.0,20.0,50.0,20.0,1000000.0,0,0,80000.0,1,4.481653031961638,0.03799081537297866
True,-20.0,20.0,50.0,20.0,1000000.0,0,0,80000.0,2,5.938394533365687,0.021816534152716116
True,-20.0,20.0,50.0,20.0,1000000.0,0,0,80000.0,3,7.945114502778598,0.02734993168345401
True,-20.0,20.0,50.0,20.0,1000000.0,0,0,80000.0,4,8.458659925431869,0.043421702076875235
True,-20.0,20.0,50.0,20.0,1000000.0,0,0,80000.0,5,10.62909927377696,0.02591473207125894
True,-30.0,20.0,50.0,20.0,1000000.0,0,0,80000.0,1,4.475640066524732,0.03197784993607211
True,-30.0,20.0,50.0,20.0,1000000.0,0,0,80000.0,2,5.940528613386622,0.02395061417365074
True,-30.0,20.0,50.0,20.0,1000000.0,0,0,80000.0,3,7.945769796737995,0.02800522564285135
True,-30.0,20.0,50.0,20.0,1000000.0,0,0,80000.0,4,8.451088014637419,0.03584979128242516
True,-30.0,20.0,50.0,20.0,1000000.0,0,0,80000.0,5,10.629335865977296,0.026151324271594945
True,-40.0,20.0,50.0,20.0,1000000.0,0,0,80000.0,1,4.4693136849029,0.02565146831424059
True,-40.0,20.0,50.0,20.0,1000000.0,0,0,80000.0,2,5.9429599957522505,0.026381996539279307
True,-40.0,20.0,50.0,20.0,1000000.0,0,0,80000.0,3,7.94599336781091,0.028228796715766613
True,-40.0,20.0,50.0,20.0,1000000.0,0,0,80000.0,4,8.442716011215424,0.027477787860430425
True,-40.0,20.0,50.0,20.0,1000000.0,0,0,80000.0,5,10.62900198656406,0.02581744485835813
True,-50.0,20.0,50.0,20.0,1000000.0,0,0,80000.0,1,4.462797403605374,0.01913518701671446
True,-50.0,20.0,50.0,20.0,1000000.0,0,0,80000.0,2,5.935257348125311,0.018679348912339577
True,-50.0,20.0,50.0,20.0,1000000.0,0,0,80000.0,3,7.945164123794855,0.027399552699711727
True,-50.0,20.0,50.0,20.0,1000000.0,0,0,80000.0,4,8.43491385476775,0.01967563141275619
True,-50.0,20.0,50.0,20.0,1000000.0,0,0,80000.0,5,10.625671685120775,0.02248714341507352
True,-60.0,20.0,50.0,20.0,1000000.0,0,0,80000.0,1,4.454996626585614,0.011334409996954342
True,-60.0,20.0,50.0,20.0,1000000.0,0,0,80000.0,2,5.934144246945501,0.017566247732530016
True,-60.0,20.0,50.0,20.0,1000000.0,0,0,80000.0,3,7.9439227065792855,0.02615813548414181
True,-60.0,20.0,50.0,20.0,1000000.0,0,0,80000.0,4,8.428233831451303,0.012995608096309397
True,-60.0,20.0,50.0,20.0,1000000.0,0,0,80000.0,5,10.626905817919791,0.023721276214089926
True,-70.0,20.0,50.0,20.0,1000000.0,0,0,80000.0,1,4.449111366175525,0.005449149586865154
True,-70.0,20.0,50.0,20.0,1000000.0,0,0,80000.0,2,5.930539328852342,0.013961329639371023
True,-70.0,20.0,50.0,20.0,1000000.0,0,0,80000.0,3,7.938366871648579,0.020602300553435704
True,-70.0,20.0,50.0,20.0,1000000.0,0,0,80000.0,4,8.422757856945394,0.007519633590399977
True,-70.0,20.0,50.0,20.0,1000000.0,0,0,80000.0,5,10.622467427173028,0.019282885467326594
True,-80.0,20.0,50.0,20.0,1000000.0,0,0,80000.0,1,4.444712106165989,0.0010498895773292105
True,-80.0,20.0,50.0,20.0,1000000.0,0,0,80000.0,2,5.922010255064927,0.005432255851955503
True,-80.0,20.0,50.0,20.0,1000000.0,0,0,80000.0,3,7.933900113855709,0.016135542760565613
True,-80.0,20.0,50.0,20.0,1000000.0,0,0,80000.0,4,8.419355585654351,0.004117362299357552
True,-80.0,20.0,50.0,20.0,1000000.0,0,0,80000.0,5,10.617465108652905,0.014280566947203255
True,-90.0,20.0,50.0,20.0,1000000.0,0,0,80000.0,1,4.441780766680045,-0.0018814499086143854
True,-90.0,20.0,50.0,20.0,1000000.0,0,0,80000.0,2,5.916382848644421,-0.0001951505685502397
True,-90.0,20.0,50.0,20.0,1000000.0,0,0,80000.0,3,7.92853686431467,0.010772293219526219
True,-90.0,20.0,50.0,20.0,1000000.0,0,0,80000.0,4,8.416988700192029,0.0017504768370351087
True,-90.0,20.0,50.0,20.0,1000000.0,0,0,80000.0,5,10.611894681601798,0.008710139896097147
True,0.0,20.0,5.0,20.0,1000000.0,0,0,80000.0,1,4.6675574779496705,0.2238952613610108
True,0.0,20.0,5.0,20.0,1000000.0,0,0,80000.0,2,5.875521443967602,-0.041056555245369
True,0.0,20.0,5.0,20.0,1000000.0,0,0,80000.0,3,7.985236418536933,0.06747184744178902
True,0.0,20.0,5.0,20.0,1000000.0,0,0,80000.0,4,8.988459579844461,0.5732213564894675
True,0.0,20.0,5.0,20.0,1000000.0,0,0,80000.0,5,10.58561517846412,-0.01756936324158076
True,40.0,0.0,50.0,20.0,1000000.0,0,0,80000.0,1,4.47392624085106,0.030264024262399936
True,40.0,0.0,50.0,20.0,1000000.0,0,0,80000.0,2,5.946344490769475,0.02976649155650346
True,40.0,0.0,50.0,20.0,1000000.0,0,0,80000.0,3,7.952983095289729,0.035218524194585044
True,40.0,0.0,50.0,20.0,1000000.0,0,0,80000.0,4,8.444942149449078,0.029703926094084565
True,40.0,0.0,50.0,20.0,1000000.0,0,0,80000.0,5,10.635009023670982,0.03182448196528043
True,0.0,0.0,10.0,20.0,1000000.0,0,0,80000.0,1,4.741892158551541,0.2982299419628811
True,0.0,0.0,10.0,20.0,1000000.0,0,0,80000.0,2,5.918331208100796,0.0017532088878251528
True,0.0,0.0,10.0,20.0,1000000.0,0,0,80000.0,3,8.11618938205399,0.1984248109588469
True,0.0,0.0,10.0,20.0,1000000.0,0,0,80000.0,4,8.52594765166844,0.11070942831344688
True,0.0,0.0,10.0,20.0,1000000.0,0,0,80000.0,5,10.674383294464707,0.07119875275900611
True,0.0,0.0,30.0,20.0,1000000.0,0,0,80000.0,1,4.576270999967793,0.1326087833791334
True,0.0,0.0,30.0,20.0,1000000.0,0,0,80000.0,2,5.952592372606709,0.03601437339373792
True,0.0,0.0,30.0,20.0,1000000.0,0,0,80000.0,3,7.982537671081402,0.06477309998625813
True,0.0,0.0,30.0,20.0,1000000.0,0,0,80000.0,4,8.515826259307165,0.10058803595217114
True,0.0,0.0,30.0,20.0,1000000.0,0,0,80000.0,5,10.65942168300398,0.05623714129827917
True,0.0,0.0,40.0,20.0,1000000.0,0,0,80000.0,1,4.52681985766613,0.08315764107747015
True,0.0,0.0,40.0,20.0,1000000.0,0,0,80000.0,2,5.947453806072342,0.030875806859370414
True,0.0,0.0,40.0,20.0,1000000.0,0,0,80000.0,3,7.962644442331659,0.04487987123651571
True,0.0,0.0,40.0,20.0,1000000.0,0,0,80000.0,4,8.489785001687451,0.07454677833245782
True,0.0,0.0,40.0,20.0,1000000.0,0,0,80000.0,5,10.645613612902597,0.04242907119689576
True,0.0,0.0,60.0,20.0,1000000.0,0,0,80000.0,1,4.482935848015836,0.03927363142717599
True,0.0,0.0,60.0,20.0,1000000.0,0,0,80000.0,2,5.934027318408377,0.017449319195406154
True,0.0,0.0,60.0,20.0,1000000.0,0,0,80000.0,3,7.9420221457344145,0.024257574639270807
True,0.0,0.0,60.0,20.0,1000000.0,0,0,80000.0,4,8.455334033521417,0.04009581016642372
True,0.0,0.0,60.0,20.0,1000000.0,0,0,80000.0,5,10.627535257631564,0.024350715925862687
True,0.0,0.0,70.0,20.0,1000000.0,0,0,80000.0,1,4.466686642506883,0.023024425918223734
True,0.0,0.0,70.0,20.0,1000000.0,0,0,80000.0,2,5.928766180641536,0.012188181428564704
True,0.0,0.0,70.0,20.0,1000000.0,0,0,80000.0,3,7.937830985852482,0.020066414757338613
True,0.0,0.0,70.0,20.0,1000000.0,0,0,80000.0,4,8.445463039092331,0.030224815737337707
True,0.0,0.0,70.0,20.0,1000000.0,0,0,80000.0,5,10.622009261726475,0.018824720020774066
True,0.0,0.0,80.0,20.0,1000000.0,0,0,80000.0,1,4.4635501799681645,0.019887963379504825
True,0.0,0.0,80.0,20.0,1000000.0,0,0,80000.0,2,5.925618651421625,0.00904065220865391
True,0.0,0.0,80.0,20.0,1000000.0,0,0,80000.0,3,7.933350686128953,0.015586115033809023
True,0.0,0.0,80.0,20.0,1000000.0,0,0,80000.0,4,8.438302073326044,0.023063849971050487
True,0.0,0.0,80.0,20.0,1000000.0,0,0,80000.0,5,10.617473884158809,0.014289342453107423
True,0.0,0.0,15.0,20.0,1000000.0,0,0,80000.0,1,4.6842067872061035,0.24054457061744383
True,0.0,0.0,15.0,20.0,1000000.0,0,0,80000.0,2,5.938941498015306,0.022363498802334902
True,0.0,0.0,15.0,20.0,1000000.0,0,0,80000.0,3,8.060116791059606,0.14235221996446246
True,0.0,0.0,15.0,20.0,1000000.0,0,0,80000.0,4,8.543828088700254,0.12858986534526018
True,0.0,0.0,15.0,20.0,1000000.0,0,0,80000.0,5,10.680109339751457,0.0769247980457557
True,0.0,0.0,25.0,20.0,1000000.0,0,0,80000.0,1,4.598692662547277,0.1550304459586176
True,0.0,0.0,25.0,20.0,1000000.0,0,0,80000.0,2,5.952357053452572,0.03577905423960104
True,0.0,0.0,25.0,20.0,1000000.0,0,0,80000.0,3,7.998887511582572,0.08112294048742807
True,0.0,0.0,25.0,20.0,1000000.0,0,0,80000.0,4,8.529708440020572,0.11447021666557866
True,0.0,0.0,25.0,20.0,1000000.0,0,0,80000.0,5,10.667846804878813,0.06466226317311197
True,0.0,0.0,35.0,20.0,1000000.0,0,0,80000.0,1,4.551989719036613,0.10832750244795353
True,0.0,0.0,35.0,20.0,1000000.0,0,0,80000.0,2,5.951076070108537,0.034498070895566
True,0.0,0.0,35.0,20.0,1000000.0,0,0,80000.0,3,7.970268613973571,0.052504042878426915
True,0.0,0.0,35.0,20.0,1000000.0,0,0,80000.0,4,8.502391809927005,0.08715358657201122
True,0.0,0.0,35.0,20.0,1000000.0,0,0,80000.0,5,10.65195698439128,0.048772442685578454
True,0.0,0.0,45.0,20.0,1000000.0,0,0,80000.0,1,4.503322379601399,0.05966016301273935
True,0.0,0.0,45.0,20.0,1000000.0,0,0,80000.0,2,5.942907379168743,0.026329379955771337
True,0.0,0.0,45.0,20.0,1000000.0,0,0,80000.0,3,7.956071996653438,0.03830742555829403
True,0.0,0.0,45.0,20.0,1000000.0,0,0,80000.0,4,8.478567688729271,0.0633294653742773
True,0.0,0.0,45.0,20.0,1000000.0,0,0,80000.0,5,10.640321175459883,0.03713663375418186
True,0.0,0.0,55.0,20.0,1000000.0,0,0,80000.0,1,4.484954983455921,0.04129276686726158
True,0.0,0.0,55.0,20.0,1000000.0,0,0,80000.0,2,5.9368495781777515,0.020271578964780268
True,0.0,0.0,55.0,20.0,1000000.0,0,0,80000.0,3,7.947675549078299,0.029910977983155007
True,0.0,0.0,55.0,20.0,1000000.0,0,0,80000.0,4,8.461849498317566,0.046611274962572224
True,0.0,0.0,55.0,20.0,1000000.0,0,0,80000.0,5,10.63120551665568,0.02802097494997824
True,0.0,0.0,65.0,20.0,1000000.0,0,0,80000.0,1,4.470000362777046,0.026338146188386702
True,0.0,0.0,65.0,20.0,1000000.0,0,0,80000.0,2,5.931053462919097,0.014475463706125957
True,0.0,0.0,65.0,20.0,1000000.0,0,0,80000.0,3,7.940896754507234,0.023132183412090335
True,0.0,0.0,65.0,20.0,1000000.0,0,0,80000.0,4,8.449946628545337,0.03470840519034368
True,0.0,0.0,65.0,20.0,1000000.0,0,0,80000.0,5,10.624633310448115,0.021448768742413193
True,0.0,0.0,75.0,20.0,1000000.0,0,0,80000.0,1,4.46563762997627,0.021975413387610665
True,0.0,0.0,75.0,20.0,1000000.0,0,0,80000.0,2,5.927207813813512,0.010629814600540577
True,0.0,0.0,75.0,20.0,1000000.0,0,0,80000.0,3,7.93577472441134,0.018010153316196487
True,0.0,0.0,75.0,20.0,1000000.0,0,0,80000.0,4,8.441723385874983,0.026485162519989558
True,0.0,0.0,75.0,20.0,1000000.0,0,0,80000.0,5,10.619482801076472,0.016298259370771007
True,0.0,0.0,85.0,20.0,1000000.0,0,0,80000.0,1,4.459873160729561,0.016210944140901518
True,0.0,0.0,85.0,20.0,1000000.0,0,0,80000.0,2,5.923680417640466,0.007102418427495039
True,0.0,0.0,85.0,20.0,1000000.0,0,0,80000.0,3,7.931839991236642,0.01407542014149854
True,0.0,0.0,85.0,20.0,1000000.0,0,0,80000.0,4,8.43560611499414,0.020367891639146762
True,0.0,0.0,85.0,20.0,1000000.0,0,0,80000.0,5,10.615687527145951,0.012502985440249859
True,0.0,20.0,10.0,20.0,1000000.0,0,0,80000.0,1,4.6412298515635975,0.1975676349749378
True,0.0,20.0,10.0,20.0,1000000.0,0,0,80000.0,2,5.907059699017163,-0.009518300195808571
True,0.0,20.0,10.0,20.0,1000000.0,0,0,80000.0,3,7.993995899668762,0.07623132857361803
True,0.0,20.0,10.0,20.0,1000000.0,0,0,80000.0,4,8.800972878136497,0.38573465478150304
True,0.0,20.0,10.0,20.0,1000000.0,0,0,80000.0,5,10.610767852624718,0.007583310919017094
True,0.0,20.0,30.0,20.0,1000000.0,0,0,80000.0,1,4.537550986851457,0.0938887702627973
True,0.0,20.0,30.0,20.0,1000000.0,0,0,80000.0,2,5.941186476873433,0.024608477660462036
True,0.0,20.0,30.0,20.0,1000000.0,0,0,80000.0,3,7.965306822427716,0.047542251332572505
True,0.0,20.0,30.0,20.0,1000000.0,0,0,80000.0,4,8.525742719119522,0.1105044957645287
True,0.0,20.0,30.0,20.0,1000000.0,0,0,80000.0,5,10.638048220877002,0.03486367917130018
True,0.0,20.0,40.0,20.0,1000000.0,0,0,80000.0,1,4.508328597662056,0.06466638107339673
True,0.0,20.0,40.0,20.0,1000000.0,0,0,80000.0,2,5.939060453651392,0.02248245443842034
True,0.0,20.0,40.0,20.0,1000000.0,0,0,80000.0,3,7.953529322307786,0.035764751212642665
True,0.0,20.0,40.0,20.0,1000000.0,0,0,80000.0,4,8.487645719627066,0.07240749627207244
True,0.0,20.0,40.0,20.0,1000000.0,0,0,80000.0,5,10.634352977879624,0.031168436173922842
True,0.0,20.0,60.0,20.0,1000000.0,0,0,80000.0,1,4.477316835565468,0.03365461897680788
True,0.0,20.0,60.0,20.0,1000000.0,0,0,80000.0,2,5.931452459801194,0.014874460588222504
True,0.0,20.0,60.0,20.0,1000000.0,0,0,80000.0,3,7.939615070230084,0.021850499134940193
True,0.0,20.0,60.0,20.0,1000000.0,0,0,80000.0,4,8.45228915863549,0.03705093528049552
True,0.0,20.0,60.0,20.0,1000000.0,0,0,80000.0,5,10.623318912774623,0.020134371068921908
True,0.0,20.0,70.0,20.0,1000000.0,0,0,80000.0,1,4.471546728704119,0.027884512115459614
True,0.0,20.0,70.0,20.0,1000000.0,0,0,80000.0,2,5.9269347616085275,0.010356762395556274
True,0.0,20.0,70.0,20.0,1000000.0,0,0,80000.0,3,7.934879514583845,0.017114943488701684
True,0.0,20.0,70.0,20.0,1000000.0,0,0,80000.0,4,8.442769911179422,0.027531687824428275
True,0.0,20.0,70.0,20.0,1000000.0,0,0,80000.0,5,10.61945713022736,0.016272588521658804
True,0.0,20.0,80.0,20.0,1000000.0,0,0,80000.0,1,4.46313155608941,0.019469339500750138
True,0.0,20.0,80.0,20.0,1000000.0,0,0,80000.0,2,5.92411268305197,0.007534683838998468
True,0.0,20.0,80.0,20.0,1000000.0,0,0,80000.0,3,7.931343367954602,0.013578796859458286
True,0.0,20.0,80.0,20.0,1000000.0,0,0,80000.0,4,8.436630727094679,0.021392503739685154
True,0.0,20.0,80.0,20.0,1000000.0,0,0,80000.0,5,10.61554940057003,0.01236485886432881
True,0.0,20.0,90.0,20.0,1000000.0,0,0,80000.0,1,4.457514914046484,0.013852697457823915
True,0.0,20.0,90.0,20.0,1000000.0,0,0,80000.0,2,5.921472850265583,0.004894851052611671
True,0.0,20.0,90.0,20.0,1000000.0,0,0,80000.0,3,7.928644720967816,0.010880149872672717
True,0.0,20.0,90.0,20.0,1000000.0,0,0,80000.0,4,8.432042677584604,0.016804454229610855
True,0.0,20.0,90.0,20.0,1000000.0,0,0,80000.0,5,10.61259850863068,0.009413966924979533
True,0.0,20.0,15.0,20.0,1000000.0,0,0,80000.0,1,4.60778260827182,0.16412039168316017
True,0.0,20.0,15.0,20.0,1000000.0,0,0,80000.0,2,5.924920214457886,0.008342215244915074
True,0.0,20.0,15.0,20.0,1000000.0,0,0,80000.0,3,7.990390720850529,0.0726261497553855
True,0.0,20.0,15.0,20.0,1000000.0,0,0,80000.0,4,8.67927726348422,0.2640390401292265
True,0.0,20.0,15.0,20.0,1000000.0,0,0,80000.0,5,10.626534469257614,0.02334992755191223
True,0.0,20.0,25.0,20.0,1000000.0,0,0,80000.0,1,4.557337631919672,0.113675415331012
True,0.0,20.0,25.0,20.0,1000000.0,0,0,80000.0,2,5.939606604332543,0.023028605119571388
True,0.0,20.0,25.0,20.0,1000000.0,0,0,80000.0,3,7.972952117425225,0.055187546330081716
True,0.0,20.0,25.0,20.0,1000000.0,0,0,80000.0,4,8.557070666102975,0.14183244274798135
True,0.0,20.0,25.0,20.0,1000000.0,0,0,80000.0,5,10.638164704623321,0.03498016291761985
True,0.0,20.0,35.0,20.0,1000000.0,0,0,80000.0,1,4.521670047325902,0.07800783073724205
True,0.0,20.0,35.0,20.0,1000000.0,0,0,80000.0,2,5.9408867046662275,0.024308705453256252
True,0.0,20.0,35.0,20.0,1000000.0,0,0,80000.0,3,7.958926671546023,0.041162100450879535
True,0.0,20.0,35.0,20.0,1000000.0,0,0,80000.0,4,8.503840379025858,0.08860215567086449
True,0.0,20.0,35.0,20.0,1000000.0,0,0,80000.0,5,10.636570644379812,0.03338610267411113
True,0.0,20.0,45.0,20.0,1000000.0,0,0,80000.0,1,4.497334136709237,0.05367192012057753
True,0.0,20.0,45.0,20.0,1000000.0,0,0,80000.0,2,5.935619051079536,0.019041051866564906
True,0.0,20.0,45.0,20.0,1000000.0,0,0,80000.0,3,7.948198796757925,0.030434225662781422
True,0.0,20.0,45.0,20.0,1000000.0,0,0,80000.0,4,8.475945911294067,0.06070768793907355
True,0.0,20.0,45.0,20.0,1000000.0,0,0,80000.0,5,10.631430362571146,0.028245820865445026
True,0.0,20.0,55.0,20.0,1000000.0,0,0,80000.0,1,4.483256067477595,0.0395938508889353
True,0.0,20.0,55.0,20.0,1000000.0,0,0,80000.0,2,5.933754618694387,0.017176619481415578
True,0.0,20.0,55.0,20.0,1000000.0,0,0,80000.0,3,7.9429337400975975,0.025169169002453806
True,0.0,20.0,55.0,20.0,1000000.0,0,0,80000.0,4,8.458575283427974,0.04333706007298055
True,0.0,20.0,55.0,20.0,1000000.0,0,0,80000.0,5,10.626155760446702,0.0229712187410005
True,0.0,20.0,65.0,20.0,1000000.0,0,0,80000.0,1,4.472248494519736,0.028586277931076154
True,0.0,20.0,65.0,20.0,1000000.0,0,0,80000.0,2,5.929554275216495,0.012976276003524134
True,0.0,20.0,65.0,20.0,1000000.0,0,0,80000.0,3,7.936621428711787,0.01885685761664302
True,0.0,20.0,65.0,20.0,1000000.0,0,0,80000.0,4,8.447279864472488,0.032041641117494635
True,0.0,20.0,65.0,20.0,1000000.0,0,0,80000.0,5,10.621050729925603,0.017866188219901602
True,0.0,20.0,75.0,20.0,1000000.0,0,0,80000.0,1,4.464634531399981,0.020972314811321446
True,0.0,20.0,75.0,20.0,1000000.0,0,0,80000.0,2,5.925876276773498,0.009298277560526813
True,0.0,20.0,75.0,20.0,1000000.0,0,0,80000.0,3,7.933030056688688,0.015265485593544348
True,0.0,20.0,75.0,20.0,1000000.0,0,0,80000.0,4,8.439603332896445,0.02436510954145099
True,0.0,20.0,75.0,20.0,1000000.0,0,0,80000.0,5,10.617199696896023,0.014015155190321593
True,0.0,20.0,85.0,20.0,1000000.0,0,0,80000.0,1,4.461487205302185,0.017824988713525336
True,0.0,20.0,85.0,20.0,1000000.0,0,0,80000.0,2,5.923106043362099,0.006528044149127332
True,0.0,20.0,85.0,20.0,1000000.0,0,0,80000.0,3,7.929806086199683,0.012041515104539435
True,0.0,20.0,85.0,20.0,1000000.0,0,0,80000.0,4,8.434109376586472,0.018871153231478033
True,0.0,20.0,85.0,20.0,1000000.0,0,0,80000.0,5,10.614406261891542,0.011221720185840667
True,0.0,0.0,20.0,20.0,250000.0,0,0,80000.0,1,4.486301530545438,0.042639313956778224
True,0.0,0.0,20.0,20.0,250000.0,0,0,80000.0,2,5.917966195735012,0.0013881965220408077
True,0.0,0.0,20.0,20.0,250000.0,0,0,80000.0,3,7.9428841110187145,0.025119539923570855
True,0.0,0.0,20.0,20.0,250000.0,0,0,80000.0,4,8.446988469479034,0.03175024612404087
True,0.0,0.0,20.0,20.0,250000.0,0,0,80000.0,5,10.620080290897917,0.016895749192215703
True,0.0,0.0,20.0,20.0,500000.0,0,0,80000.0,1,4.542604801402832,0.09894258481417229
True,0.0,0.0,20.0,20.0,500000.0,0,0,80000.0,2,5.928913794613229,0.012335795400257865
True,0.0,0.0,20.0,20.0,500000.0,0,0,80000.0,3,7.969144063078286,0.05137949198314207
True,0.0,0.0,20.0,20.0,500000.0,0,0,80000.0,4,8.478842026363818,0.0636038030088244
True,0.0,0.0,20.0,20.0,500000.0,0,0,80000.0,5,10.63844966698994,0.03526512528423886
True,0.0,0.0,20.0,20.0,750000.0,0,0,80000.0,1,4.588261939591171,0.14459972300251156
True,0.0,0.0,20.0,20.0,750000.0,0,0,80000.0,2,5.9395019688367485,0.022923969623777296
True,0.0,0.0,20.0,20.0,750000.0,0,0,80000.0,3,7.995533038305904,0.07776846721076058
True,0.0,0.0,20.0,20.0,750000.0,0,0,80000.0,4,8.510129239952787,0.09489101659779386
True,0.0,0.0,20.0,20.0,750000.0,0,0,80000.0,5,10.656983038137005,0.05379849643130363
True,0.0,0.0,20.0,20.0,1250000.0,0,0,80000.0,1,4.682865557653061,0.23920334106440144
True,0.0,0.0,20.0,20.0,1250000.0,0,0,80000.0,2,5.959807886285647,0.04322988707267594
True,0.0,0.0,20.0,20.0,1250000.0,0,0,80000.0,3,8.050012722577582,0.13224815148243874
True,0.0,0.0,20.0,20.0,1250000.0,0,0,80000.0,4,8.572389927736687,0.15715170438169324
True,0.0,0.0,20.0,20.0,1250000.0,0,0,80000.0,5,10.694234372686342,0.09104983098064068
True,0.0,0.0,20.0,20.0,1500000.0,0,0,80000.0,1,4.728632642436814,0.28497042584815446
True,0.0,0.0,20.0,20.0,1500000.0,0,0,80000.0,2,5.969901903957133,0.05332390474416204
True,0.0,0.0,20.0,20.0,1500000.0,0,0,80000.0,3,8.077708680989554,0.15994410989441032
True,0.0,0.0,20.0,20.0,1500000.0,0,0,80000.0,4,8.603346354456624,0.1881081311016306
True,0.0,0.0,20.0,20.0,1500000.0,0,0,80000.0,5,10.712853945908313,0.10966940420261118
True,0.0,0.0,20.0,20.0,1750000.0,0,0,80000.0,1,4.773457981561686,0.3297957649730261
True,0.0,0.0,20.0,20.0,1750000.0,0,0,80000.0,2,5.979902962962246,0.06332496374927477
True,0.0,0.0,20.0,20.0,1750000.0,0,0,80000.0,3,8.105788603920296,0.1880240328251519
True,0.0,0.0,20.0,20.0,1750000.0,0,0,80000.0,4,8.634157298854877,0.21891907549988332
True,0.0,0.0,20.0,20.0,1750000.0,0,0,80000.0,5,10.731425503153789,0.12824096144808728
True,0.0,0.0,20.0,20.0,2000000.0,0,0,80000.0,1,4.8173081391864745,0.3736459225978148
True,0.0,0.0,20.0,20.0,2000000.0,0,0,80000.0,2,5.989763493974123,0.07318549476115166
True,0.0,0.0,20.0,20.0,2000000.0,0,0,80000.0,3,8.134264549382245,0.21649997828710088
True,0.0,0.0,20.0,20.0,2000000.0,0,0,80000.0,4,8.664805528859945,0.24956730550495188
True,0.0,0.0,20.0,20.0,2000000.0,0,0,80000.0,5,10.749979649576392,0.14679510787069106
True,0.0,0.0,30.0,10.0,1000000.0,0,0,80000.0,1,4.459404690814188,0.015742474225528547
True,0.0,0.0,30.0,10.0,1000000.0,0,0,80000.0,3,7.9272033753785625,0.009438804283418811
True,0.0,0.0,30.0,10.0,1000000.0,0,0,80000.0,4,8.43004968247909,0.01481145912409687
True,0.0,0.0,30.0,10.0,1000000.0,0,0,80000.0,5,10.609482708094703,0.006298166389001381
True,0.0,0.0,30.0,15.0,1000000.0,0,0,80000.0,1,4.494433081715212,0.0507708651265526
True,0.0,0.0,30.0,15.0,1000000.0,0,0,80000.0,2,5.9263063620311405,0.009728362818169245
True,0.0,0.0,30.0,15.0,1000000.0,0,0,80000.0,3,7.948043407096405,0.030278836001261134
True,0.0,0.0,30.0,15.0,1000000.0,0,0,80000.0,4,8.460882103732224,0.04564388037723077
True,0.0,0.0,30.0,15.0,1000000.0,0,0,80000.0,5,10.627867298395904,0.024682756690202368
True,0.0,0.0,30.0,25.0,1000000.0,0,0,80000.0,1,4.66135627441962,0.2176940578309603
True,0.0,0.0,30.0,25.0,1000000.0,0,0,80000.0,2,5.993689322505928,0.07711132329295634
True,0.0,0.0,30.0,25.0,1000000.0,0,0,80000.0,3,8.035098112133067,0.11733354103792326
True,0.0,0.0,30.0,25.0,1000000.0,0,0,80000.0,4,8.598314629924186,0.18307640656919233
True,0.0,0.0,30.0,25.0,1000000.0,0,0,80000.0,5,10.708368601327694,0.10518405962199218
True,0.0,0.0,30.0,30.0,1000000.0,0,0,80000.0,1,4.781614653159511,0.33795243657085106
True,0.0,0.0,30.0,30.0,1000000.0,0,0,80000.0,2,6.050145753298531,0.13356775408555954
True,0.0,0.0,30.0,30.0,1000000.0,0,0,80000.0,3,8.10653475800794,0.18877018691279712
True,0.0,0.0,30.0,30.0,1000000.0,0,0,80000.0,4,8.707739480392705,0.2925012570377117
True,0.0,0.0,30.0,30.0,1000000.0,0,0,80000.0,5,10.77479188760083,0.17160734589512927
True,0.0,0.0,30.0,35.0,1000000.0,0,0,80000.0,1,4.926543603980069,0.4828813873914095
True,0.0,0.0,30.0,35.0,1000000.0,0,0,80000.0,2,6.125025647864005,0.20844764865103382
True,0.0,0.0,30.0,35.0,1000000.0,0,0,80000.0,3,8.1954118105286,0.27764723943345704
True,0.0,0.0,30.0,35.0,1000000.0,0,0,80000.0,4,8.843626384108559,0.4283881607535651
True,0.0,0.0,30.0,35.0,1000000.0,0,0,80000.0,5,10.859015218138515,0.2558306764328133
True,0.0,0.0,30.0,40.0,1000000.0,0,0,80000.0,1,5.092194880708648,0.6485326641199887
True,0.0,0.0,30.0,40.0,1000000.0,0,0,80000.0,2,6.217817440280616,0.30123944106764444
True,0.0,0.0,30.0,40.0,1000000.0,0,0,80000.0,3,8.304091358615914,0.3863267875207699
True,0.0,0.0,30.0,40.0,1000000.0,0,0,80000.0,4,9.005405245797135,0.5901670224421416
True,0.0,0.0,30.0,12.5,1000000.0,0,0,80000.0,1,4.471917962487678,0.02825574589901869
True,0.0,0.0,30.0,12.5,1000000.0,0,0,80000.0,2,5.9184058616286315,0.0018278624156602419
True,0.0,0.0,30.0,12.5,1000000.0,0,0,80000.0,3,7.936300106224323,0.01853553512917916
True,0.0,0.0,30.0,12.5,1000000.0,0,0,80000.0,4,8.442775767158912,0.02753754380391804
True,0.0,0.0,30.0,12.5,1000000.0,0,0,80000.0,5,10.617539854670879,0.014355312965177447
True,0.0,0.0,30.0,17.5,1000000.0,0,0,80000.0,1,4.5335333292816635,0.08987111269300385
True,0.0,0.0,30.0,17.5,1000000.0,0,0,80000.0,2,5.938612096227564,0.02203409701459247
True,0.0,0.0,30.0,17.5,1000000.0,0,0,80000.0,3,7.962722104355867,0.044957533260723714
True,0.0,0.0,30.0,17.5,1000000.0,0,0,80000.0,4,8.48529976547755,0.07006154212255566
True,0.0,0.0,30.0,17.5,1000000.0,0,0,80000.0,5,10.641073235113776,0.03788869340807466
True,0.0,0.0,30.0,22.5,1000000.0,0,0,80000.0,1,4.611010857886396,0.1673486412977363
True,0.0,0.0,30.0,22.5,1000000.0,0,0,80000.0,2,5.9715513403454,0.054973341132428466
True,0.0,0.0,30.0,22.5,1000000.0,0,0,80000.0,3,8.006408192699054,0.08864362160390993
True,0.0,0.0,30.0,22.5,1000000.0,0,0,80000.0,4,8.553790431040888,0.13855220768589405
True,0.0,0.0,30.0,22.5,1000000.0,0,0,80000.0,5,10.681289360453437,0.078104818747736
True,0.0,0.0,30.0,27.5,1000000.0,0,0,80000.0,1,4.719927376292473,0.27626515970381327
True,0.0,0.0,30.0,27.5,1000000.0,0,0,80000.0,2,6.019531389380133,0.10295339016716198
True,0.0,0.0,30.0,27.5,1000000.0,0,0,80000.0,3,8.06878348290679,0.15101891181164628
True,0.0,0.0,30.0,27.5,1000000.0,0,0,80000.0,4,8.64956150828201,0.23432328492701693
True,0.0,0.0,30.0,27.5,1000000.0,0,0,80000.0,5,10.739945183745672,0.1367606420399703
True,0.0,0.0,30.0,32.5,1000000.0,0,0,80000.0,1,4.851078741156489,0.4074165245678296
True,0.0,0.0,30.0,32.5,1000000.0,0,0,80000.0,2,6.0864801754749385,0.16990217626196724
True,0.0,0.0,30.0,32.5,1000000.0,0,0,80000.0,3,8.148546317465367,0.23078174637022375
True,0.0,0.0,30.0,32.5,1000000.0,0,0,80000.0,4,8.772415712702864,0.35717748934787075
True,0.0,0.0,30.0,32.5,1000000.0,0,0,80000.0,5,10.814544696411472,0.21136015470577085
True,0.0,0.0,30.0,37.5,1000000.0,0,0,80000.0,1,5.006623791167502,0.5629615745788419
True,0.0,0.0,30.0,37.5,1000000.0,0,0,80000.0,2,6.169960222699627,0.25338222348665607
True,0.0,0.0,30.0,37.5,1000000.0,0,0,80000.0,3,8.248700177815547,0.330935606720403
True,0.0,0.0,30.0,37.5,1000000.0,0,0,80000.0,4,8.921835135771623,0.5065969124166294
True,0.0,0.0,30.0,37.5,1000000.0,0,0,80000.0,5,10.9080426725364,0.30485813083069857
True,0.0,0.0,30.0,42.5,1000000.0,0,0,80000.0,1,5.181842403120593,0.7381801865319337
True,0.0,0.0,30.0,42.5,1000000.0,0,0,80000.0,2,6.270784751335965,0.3542067521229937
True,0.0,0.0,10.0,20.0,1000000.0,0,0,0.0,1,1.9055354737276016,0.30425460479779654
True,0.0,0.0,10.0,20.0,1000000.0,0,0,0.0,2,3.089602098854016,-0.00040006230967337686
True,0.0,0.0,10.0,20.0,1000000.0,0,0,0.0,3,5.285248642839071,0.1970749651089463
True,0.0,0.0,10.0,20.0,1000000.0,0,0,0.0,4,5.658687710105938,0.10776847451254401
True,0.0,0.0,10.0,20.0,1000000.0,0,0,0.0,5,7.828601760178373,0.05490961862378363
True,0.0,0.0,30.0,20.0,1000000.0,0,0,0.0,1,1.7267693249921805,0.12548845606237546
True,0.0,0.0,30.0,20.0,1000000.0,0,0,0.0,2,3.1256412537031624,0.03563909253947317
True,0.0,0.0,30.0,20.0,1000000.0,0,0,0.0,3,5.153710152685524,0.06553647495539927
True,0.0,0.0,30.0,20.0,1000000.0,0,0,0.0,4,5.652625146298969,0.10170591070557489
True,0.0,0.0,30.0,20.0,1000000.0,0,0,0.0,5,7.830444969606585,0.05675282805199622
True,0.0,0.0,40.0,20.0,1000000.0,0,0,0.0,1,1.684201599403228,0.08292073047342297
True,0.0,0.0,40.0,20.0,1000000.0,0,0,0.0,2,3.121246904792087,0.03124474362839802
True,0.0,0.0,40.0,20.0,1000000.0,0,0,0.0,3,5.133151151658522,0.04497747392839724
True,0.0,0.0,40.0,20.0,1000000.0,0,0,0.0,4,5.62638582949729,0.07546659390389632
True,0.0,0.0,40.0,20.0,1000000.0,0,0,0.0,5,7.816059488581877,0.04236734702728828
True,0.0,0.0,50.0,20.0,1000000.0,0,0,0.0,1,1.6522507689853263,0.05096990005552127
True,0.0,0.0,50.0,20.0,1000000.0,0,0,0.0,2,3.1131193961632286,0.023117234999539438
True,0.0,0.0,50.0,20.0,1000000.0,0,0,0.0,3,5.122438304827339,0.03426462709721445
True,0.0,0.0,50.0,20.0,1000000.0,0,0,0.0,4,5.605737037661066,0.05481780206767173
True,0.0,0.0,50.0,20.0,1000000.0,0,0,0.0,5,7.805753968874806,0.03206182732021734
True,0.0,0.0,60.0,20.0,1000000.0,0,0,0.0,1,1.6406734043742848,0.03939253544447974
True,0.0,0.0,60.0,20.0,1000000.0,0,0,0.0,2,3.1080841654363938,0.018082004272704566
True,0.0,0.0,60.0,20.0,1000000.0,0,0,0.0,3,5.113595555244713,0.025421877514588687
True,0.0,0.0,60.0,20.0,1000000.0,0,0,0.0,4,5.591902807613855,0.04098357202046099
True,0.0,0.0,60.0,20.0,1000000.0,0,0,0.0,5,7.798032582791447,0.02434044123685819
True,0.0,0.0,70.0,20.0,1000000.0,0,0,0.0,1,1.63025393539693,0.028973066467125053
True,0.0,0.0,70.0,20.0,1000000.0,0,0,0.0,2,3.1024497851268444,0.012447623963155241
True,0.0,0.0,70.0,20.0,1000000.0,0,0,0.0,3,5.108729459413308,0.02055578168318295
True,0.0,0.0,70.0,20.0,1000000.0,0,0,0.0,4,5.581554219948618,0.03063498435522405
True,0.0,0.0,70.0,20.0,1000000.0,0,0,0.0,5,7.792458670682865,0.0187665291282757
True,0.0,0.0,80.0,20.0,1000000.0,0,0,0.0,1,1.6183239794263604,0.01704311049655538
True,0.0,0.0,80.0,20.0,1000000.0,0,0,0.0,2,3.0981470373721813,0.008144876208492136
True,0.0,0.0,80.0,20.0,1000000.0,0,0,0.0,3,5.104652665104799,0.01647898737467468
True,0.0,0.0,80.0,20.0,1000000.0,0,0,0.0,4,5.574484016172489,0.023564780579095057
True,0.0,0.0,80.0,20.0,1000000.0,0,0,0.0,5,7.788216848582595,0.014524707028005679
True,0.0,0.0,90.0,20.0,1000000.0,0,0,0.0,1,1.6166655875186968,0.015384718588891788
True,0.0,0.0,90.0,20.0,1000000.0,0,0,0.0,2,3.095153983873834,0.005151822710144582
True,0.0,0.0,90.0,20.0,1000000.0,0,0,0.0,3,5.101092190501798,0.012918512771673107
True,0.0,0.0,90.0,20.0,1000000.0,0,0,0.0,4,5.569355729648074,0.018436494054680175
True,0.0,0.0,90.0,20.0,1000000.0,0,0,0.0,5,7.784902490641221,0.011210349086631766
True,0.0,0.0,20.0,20.0,1000000.0,0,0,0.0,1,1.7969336828455442,0.1956528139157392
True,0.0,0.0,20.0,20.0,1000000.0,0,0,0.0,2,3.1226492225020333,0.03264706133834405
True,0.0,0.0,20.0,20.0,1000000.0,0,0,0.0,3,5.193257218289922,0.1050835405597974
True,0.0,0.0,20.0,20.0,1000000.0,0,0,0.0,4,5.677173518905109,0.12625428331171484
True,0.0,0.0,20.0,20.0,1000000.0,0,0,0.0,5,7.845267652246963,0.07157551069237389
True,0.0,0.0,15.0,20.0,1000000.0,0,0,0.0,1,1.8464917532284384,0.24521088429863336
True,0.0,0.0,15.0,20.0,1000000.0,0,0,0.0,2,3.11118316611723,0.021181004953540583
True,0.0,0.0,15.0,20.0,1000000.0,0,0,0.0,3,5.228211686271403,0.14003800854127846
True,0.0,0.0,15.0,20.0,1000000.0,0,0,0.0,4,5.678134841334715,0.12721560574132074
True,0.0,0.0,15.0,20.0,1000000.0,0,0,0.0,5,7.84861288037602,0.07492073882143124
True,0.0,0.0,25.0,20.0,1000000.0,0,0,0.0,1,1.7576942524777417,0.15641338354793666
True,0.0,0.0,25.0,20.0,1000000.0,0,0,0.0,2,3.1255707846859813,0.035568623522292064
True,0.0,0.0,25.0,20.0,1000000.0,0,0,0.0,3,5.169849880147111,0.08167620241698614
True,0.0,0.0,25.0,20.0,1000000.0,0,0,0.0,4,5.665982307928656,0.11506307233526236
True,0.0,0.0,25.0,20.0,1000000.0,0,0,0.0,5,7.838086130438097,0.06439398888350834
True,0.0,0.0,35.0,20.0,1000000.0,0,0,0.0,1,1.7026862877328386,0.10140541880303355
True,0.0,0.0,35.0,20.0,1000000.0,0,0,0.0,2,3.1242994029385476,0.03429724177485838
True,0.0,0.0,35.0,20.0,1000000.0,0,0,0.0,3,5.1422958106529935,0.054122132922868715
True,0.0,0.0,35.0,20.0,1000000.0,0,0,0.0,4,5.638902364354798,0.08798312876140368
True,0.0,0.0,35.0,20.0,1000000.0,0,0,0.0,5,7.822597321341767,0.048905179787178454
True,0.0,0.0,45.0,20.0,1000000.0,0,0,0.0,1,1.672335472350387,0.0710546034205819
True,0.0,0.0,45.0,20.0,1000000.0,0,0,0.0,2,3.1176005021654127,0.027598341001723536
True,0.0,0.0,45.0,20.0,1000000.0,0,0,0.0,3,5.12600582046147,0.03783214273134483
True,0.0,0.0,45.0,20.0,1000000.0,0,0,0.0,4,5.615389454154191,0.06447021856079704
True,0.0,0.0,45.0,20.0,1000000.0,0,0,0.0,5,7.810618100838312,0.036925959283722776
True,0.0,0.0,55.0,20.0,1000000.0,0,0,0.0,1,1.6478957661524753,0.046614897222670315
True,0.0,0.0,55.0,20.0,1000000.0,0,0,0.0,2,3.111456833430348,0.021454672266658648
True,0.0,0.0,55.0,20.0,1000000.0,0,0,0.0,3,5.1163298218580175,0.0281561441278928
True,0.0,0.0,55.0,20.0,1000000.0,0,0,0.0,4,5.598492897809818,0.047573662216423784
True,0.0,0.0,55.0,20.0,1000000.0,0,0,0.0,5,7.801593565266916,0.0279014237123274
True,0.0,0.0,65.0,20.0,1000000.0,0,0,0.0,1,1.6285383328894816,0.027257463959676542
True,0.0,0.0,65.0,20.0,1000000.0,0,0,0.0,2,3.10419451862954,0.01419235746585068
True,0.0,0.0,65.0,20.0,1000000.0,0,0,0.0,3,5.1117068746486165,0.02353319691849176
True,0.0,0.0,65.0,20.0,1000000.0,0,0,0.0,4,5.58591715238269,0.03499791678929576
True,0.0,0.0,65.0,20.0,1000000.0,0,0,0.0,5,7.795100877192708,0.021408735638119403
True,0.0,0.0,75.0,20.0,1000000.0,0,0,0.0,1,1.6200585041963833,0.018777635266578274
True,0.0,0.0,75.0,20.0,1000000.0,0,0,0.0,2,3.1002487737968534,0.010246612633164176
True,0.0,0.0,75.0,20.0,1000000.0,0,0,0.0,3,5.106836553671718,0.018662875941592993
True,0.0,0.0,75.0,20.0,1000000.0,0,0,0.0,4,5.5777712790632465,0.026852043469852482
True,0.0,0.0,75.0,20.0,1000000.0,0,0,0.0,5,7.790206319847569,0.016514178292980297
True,0.0,0.0,85.0,20.0,1000000.0,0,0,0.0,1,1.6174325740853288,0.016151705155523777
True,0.0,0.0,85.0,20.0,1000000.0,0,0,0.0,2,3.0974319458313193,0.007429784667630113
True,0.0,0.0,85.0,20.0,1000000.0,0,0,0.0,3,5.102482114513395,0.01430843678327065
True,0.0,0.0,85.0,20.0,1000000.0,0,0,0.0,4,5.571833711447465,0.020914475854071135
True,0.0,0.0,85.0,20.0,1000000.0,0,0,0.0,5,7.786527459224673,0.012835317670083946
True,0.0,0.0,5.0,20.0,1000000.0,0,0,0.0,1,1.967069732292726,0.36578886336292094
True,0.0,0.0,5.0,20.0,1000000.0,0,0,0.0,2,3.048299068046582,-0.041703093117107404
True,0.0,0.0,5.0,20.0,1000000.0,0,0,0.0,3,5.366570114265247,0.2783964365351226
True,0.0,0.0,5.0,20.0,1000000.0,0,0,0.0,4,5.5913417992058605,0.04042256361246643
True,0.0,0.0,5.0,20.0,1000000.0,0,0,0.0,5,7.765458257213843,-0.008233884340746123
True,0.0,0.0,40.0,20.0,1000000.0,0,0,800000.0,1,29.865427847443993,0.07989157576069417
True,0.0,0.0,40.0,20.0,1000000.0,0,0,800000.0,2,31.290793175388977,0.03686138154479224
True,0.0,0.0,40.0,20.0,1000000.0,0,0,800000.0,3,33.31617495187477,0.04550879497997329
True,0.0,0.0,40.0,20.0,1000000.0,0,0,800000.0,4,33.88952737865516,0.07389716715577066
True,0.0,0.0,40.0,20.0,1000000.0,0,0,800000.0,5,36.00514453278737,0.04277334717626502
True,0.0,0.0,5.0,20.0,1000000.0,0,0,800000.0,1,30.127097143006115,0.341560871322816
True,0.0,0.0,5.0,20.0,1000000.0,0,0,800000.0,2,31.21862201080675,-0.03530978303743382
True,0.0,0.0,5.0,20.0,1000000.0,0,0,800000.0,3,33.54803142408316,0.2773652671883653
True,0.0,0.0,5.0,20.0,1000000.0,0,0,800000.0,4,33.86170811321214,0.04607790171274928
True,0.0,0.0,5.0,20.0,1000000.0,0,0,800000.0,5,36.00116540517528,0.03879421956417417
True,0.0,0.0,20.0,20.0,1000000.0,0,0,800000.0,1,29.97123706508554,0.18570079340224055
True,0.0,0.0,20.0,20.0,1000000.0,0,0,800000.0,2,31.290403984076733,0.036472190232547774
True,0.0,0.0,20.0,20.0,1000000.0,0,0,800000.0,3,33.3764237672131,0.10575761031829956
True,0.0,0.0,20.0,20.0,1000000.0,0,0,800000.0,4,33.94040470090577,0.12477448940638425
True,0.0,0.0,20.0,20.0,1000000.0,0,0,800000.0,5,36.035364460758906,0.07299327514780174
True,0.0,0.0,35.0,20.0,1000000.0,0,0,800000.0,1,29.881314036992997,0.09577776530969828
True,0.0,0.0,35.0,20.0,1000000.0,0,0,800000.0,2,31.292709301419773,0.03877750757558829
True,0.0,0.0,35.0,20.0,1000000.0,0,0,800000.0,3,33.324601191866684,0.0539350349718859
True,0.0,0.0,35.0,20.0,1000000.0,0,0,800000.0,4,33.90189603691645,0.0862658254170583
True,0.0,0.0,35.0,20.0,1000000.0,0,0,800000.0,5,36.01232931877771,0.04995813316660502
True,0.0,0.0,50.0,20.0,1000000.0,0,0,800000.0,1,29.843370997284914,0.057834725601615844
True,0.0,0.0,50.0,20.0,1000000.0,0,0,800000.0,2,31.28637982917939,0.032448035335203684
True,0.0,0.0,50.0,20.0,1000000.0,0,0,800000.0,3,33.30523361938913,0.03456746249432996
True,0.0,0.0,50.0,20.0,1000000.0,0,0,800000.0,4,33.86948834155492,0.05385813005553075
True,0.0,0.0,50.0,20.0,1000000.0,0,0,800000.0,5,35.99510413930422,0.03273295369311313
True,0.0,0.0,65.0,20.0,1000000.0,0,0,800000.0,1,29.819532196013906,0.03399592433060761
True,0.0,0.0,65.0,20.0,1000000.0,0,0,800000.0,2,31.276277828704373,0.02234603486018827
True,0.0,0.0,65.0,20.0,1000000.0,0,0,800000.0,3,33.292715406038965,0.022049249144167504
True,0.0,0.0,65.0,20.0,1000000.0,0,0,800000.0,4,33.8498638615789,0.03423365007951418
True,0.0,0.0,65.0,20.0,1000000.0,0,0,800000.0,5,35.98367086074363,0.021299675132524953
True,0.0,0.0,80.0,20.0,1000000.0,0,0,800000.0,1,29.8070390623839,0.021502790700601793
True,0.0,0.0,80.0,20.0,1000000.0,0,0,800000.0,2,31.270231942500665,0.016300148656480218
True,0.0,0.0,80.0,20.0,1000000.0,0,0,800000.0,3,33.286002279593845,0.015336122699046939
True,0.0,0.0,80.0,20.0,1000000.0,0,0,800000.0,4,33.83814008776781,0.0225098762684226
True,0.0,0.0,80.0,20.0,1000000.0,0,0,800000.0,5,35.97719794499048,0.014826759379374721
True,0.0,0.0,10.0,20.0,1000000.0,0,0,800000.0,1,30.071986757671745,0.28645048598844625
True,0.0,0.0,10.0,20.0,1000000.0,0,0,800000.0,2,31.258624378207298,0.004692584363112928
True,0.0,0.0,10.0,20.0,1000000.0,0,0,800000.0,3,33.46842668902935,0.19776053213455214
True,0.0,0.0,10.0,20.0,1000000.0,0,0,800000.0,4,33.924818897055665,0.10918868555627625
True,0.0,0.0,10.0,20.0,1000000.0,0,0,800000.0,5,36.032941812172396,0.07057062656129176
True,0.0,0.0,15.0,20.0,1000000.0,0,0,800000.0,1,30.020007501926028,0.23447123024272898
True,0.0,0.0,15.0,20.0,1000000.0,0,0,800000.0,2,31.280137103625034,0.026205309780849007
True,0.0,0.0,15.0,20.0,1000000.0,0,0,800000.0,3,33.41298893706895,0.14232278017415467
True,0.0,0.0,15.0,20.0,1000000.0,0,0,800000.0,4,33.943160409523024,0.12753019802363497
True,0.0,0.0,15.0,20.0,1000000.0,0,0,800000.0,5,36.039298966629296,0.07692778101819187
True,0.0,0.0,25.0,20.0,1000000.0,0,0,800000.0,1,29.93438233255135,0.14884606086805263
True,0.0,0.0,25.0,20.0,1000000.0,0,0,800000.0,2,31.294027157829746,0.040095363985560795
True,0.0,0.0,25.0,20.0,1000000.0,0,0,800000.0,3,33.351662273842585,0.0809961169477873
True,0.0,0.0,25.0,20.0,1000000.0,0,0,800000.0,4,33.92917463420868,0.113544422709289
True,0.0,0.0,25.0,20.0,1000000.0,0,0,800000.0,5,36.02765398708322,0.06528280147211518
True,0.0,0.0,30.0,20.0,1000000.0,0,0,800000.0,1,29.90454563396539,0.11900936228209247
True,0.0,0.0,30.0,20.0,1000000.0,0,0,800000.0,2,31.294107540470907,0.04017574662672274
True,0.0,0.0,30.0,20.0,1000000.0,0,0,800000.0,3,33.33737691406048,0.06671075716567998
True,0.0,0.0,30.0,20.0,1000000.0,0,0,800000.0,4,33.915563568923744,0.09993335742435505
True,0.0,0.0,30.0,20.0,1000000.0,0,0,800000.0,5,36.02024861963298,0.05787743402187573
True,0.0,0.0,45.0,20.0,1000000.0,0,0,800000.0,1,29.853426571394603,0.06789029971130489
True,0.0,0.0,45.0,20.0,1000000.0,0,0,800000.0,2,31.287345618989967,0.03341382514578228
True,0.0,0.0,45.0,20.0,1000000.0,0,0,800000.0,3,33.30907937677313,0.03841321987832913
True,0.0,0.0,45.0,20.0,1000000.0,0,0,800000.0,4,33.878804794050076,0.06317458255068686
True,0.0,0.0,45.0,20.0,1000000.0,0,0,800000.0,5,35.99933970591587,0.03696852030476805
True,0.0,0.0,55.0,20.0,1000000.0,0,0,800000.0,1,29.832533553259633,0.04699728157633487
True,0.0,0.0,55.0,20.0,1000000.0,0,0,800000.0,2,31.283402279822234,0.0294704859780488
True,0.0,0.0,55.0,20.0,1000000.0,0,0,800000.0,3,33.300019311237214,0.029353154342416587
True,0.0,0.0,55.0,20.0,1000000.0,0,0,800000.0,4,33.861449847076855,0.045819635577466045
True,0.0,0.0,55.0,20.0,1000000.0,0,0,800000.0,5,35.99091001755884,0.028538831947734877
True,0.0,0.0,60.0,20.0,1000000.0,0,0,800000.0,1,29.826120703500198,0.040584431816899524
True,0.0,0.0,60.0,20.0,1000000.0,0,0,800000.0,2,31.277213986410644,0.023282192566458804
True,0.0,0.0,60.0,20.0,1000000.0,0,0,800000.0,3,33.296333213612336,0.025667056717537662
True,0.0,0.0,60.0,20.0,1000000.0,0,0,800000.0,4,33.855479236325074,0.039849024825684864
True,0.0,0.0,60.0,20.0,1000000.0,0,0,800000.0,5,35.987872003437765,0.025500817826660693
True,0.0,0.0,70.0,20.0,1000000.0,0,0,800000.0,1,29.81450735853443,0.02897108685113281
True,0.0,0.0,70.0,20.0,1000000.0,0,0,800000.0,2,31.273430960713803,0.01949916686961828
True,0.0,0.0,70.0,20.0,1000000.0,0,0,800000.0,3,33.290126059818135,0.019459902923337324
True,0.0,0.0,70.0,20.0,1000000.0,0,0,800000.0,4,33.845235063459036,0.029604851959646794
True,0.0,0.0,70.0,20.0,1000000.0,0,0,800000.0,5,35.9809812946882,0.018610109077094705
True,0.0,0.0,75.0,20.0,1000000.0,0,0,800000.0,1,29.81225694727001,0.026720675586712872
True,0.0,0.0,75.0,20.0,1000000.0,0,0,800000.0,2,31.270978443693352,0.01704664984916704
True,0.0,0.0,75.0,20.0,1000000.0,0,0,800000.0,3,33.28804392192362,0.017377765028818715
True,0.0,0.0,75.0,20.0,1000000.0,0,0,800000.0,4,33.841172760498395,0.025542548999005987
True,0.0,0.0,75.0,20.0,1000000.0,0,0,800000.0,5,35.97843899193531,0.01606780632420879
True,0.0,0.0,85.0,20.0,1000000.0,0,0,800000.0,1,29.802724567236144,0.01718829555284529
True,0.0,0.0,85.0,20.0,1000000.0,0,0,800000.0,2,31.268272188506067,0.014340394661882527
True,0.0,0.0,85.0,20.0,1000000.0,0,0,800000.0,3,33.28431304837534,0.013646891480540546
True,0.0,0.0,85.0,20.0,1000000.0,0,0,800000.0,4,33.83526339554144,0.019633184042049834
True,0.0,0.0,85.0,20.0,1000000.0,0,0,800000.0,5,35.97540900691613,0.013037821305026398
True,0.0,0.0,90.0,20.0,1000000.0,0,0,800000.0,1,29.800114040652037,0.014577768968738525
True,0.0,0.0,90.0,20.0,1000000.0,0,0,800000.0,2,31.267496192310286,0.01356439846610158
True,0.0,0.0,90.0,20.0,1000000.0,0,0,800000.0,3,33.2827860657036,0.012119908808799096
True,0.0,0.0,90.0,20.0,1000000.0,0,0,800000.0,4,33.83301592715798,0.01738571565859104
True,0.0,0.0,90.0,20.0,1000000.0,0,0,800000.0,5,35.97379437614483,0.011423190533726313
